,id,country,date,individuals,centroid_lon,centroid_lat,lat_max,lon_max,lan_min,lon_min,source
657,Poland_2022-03-01,Poland,3/1/2022,453982,19.4013,52.1224,55.46950578,26.4013,48.02154912,12.4013,0
658,Hungary_2022-03-01,Hungary,3/1/2022,116348,19.4131,47.1672,54.1672,26.58888125,43.76006098,12.4131,0
659,Republic of Moldova_2022-03-01,Republic of Moldova,3/1/2022,79315,28.4646,47.1976,54.1976,35.4646,40.1976,21.4646,0
660,Other European countries_2022-03-01,Other European countries,3/1/2022,69600,12.99954151,49.28473481,51.31588972,19.8282511,47.36817543,14.69622253,0
661,Slovakia_2022-03-01,Slovakia,3/1/2022,67000,19.4864,48.7062,55.7062,26.4864,41.7062,12.4864,0
662,Romania_2022-03-01,Romania,3/1/2022,44540,25.3,45.8667,52.8667,32.3,38.8667,18.3,0
663,Russian Federation_2022-03-01,Russian Federation,3/1/2022,42900,38.15560781,51.48885014,59.0670551,36.95829774,54.99876939,31.66952631,0
664,Belarus_2022-03-01,Belarus,3/1/2022,341,28.0463,53.5384,57.83893355,33.72794063,48.49689395,21.0463,0
649,Belarus_2022-03-02,Belarus,3/2/2022,374,28.0463,53.5384,57.83893355,33.72794063,48.49689395,21.0463,0
650,Poland_2022-03-02,Poland,3/2/2022,547982,19.4013,52.1224,55.46950578,26.4013,48.02154912,12.4013,0
651,Hungary_2022-03-02,Hungary,3/2/2022,133009,19.4131,47.1672,54.1672,26.58888125,43.76006098,12.4131,0
652,Republic of Moldova_2022-03-02,Republic of Moldova,3/2/2022,97827,28.4646,47.1976,54.1976,35.4646,40.1976,21.4646,0
653,Other European countries_2022-03-02,Other European countries,3/2/2022,88147,12.99954151,49.28473481,51.31588972,19.8282511,47.36817543,14.69622253,0
654,Slovakia_2022-03-02,Slovakia,3/2/2022,79059,19.4864,48.7062,55.7062,26.4864,41.7062,12.4864,0
655,Romania_2022-03-02,Romania,3/2/2022,51261,25.3,45.8667,52.8667,32.3,38.8667,18.3,0
656,Russian Federation_2022-03-02,Russian Federation,3/2/2022,47800,38.15560781,51.48885014,59.0670551,36.95829774,54.99876939,31.66952631,0
641,Poland_2022-03-03,Poland,3/3/2022,649903,19.4013,52.1224,55.46950578,26.4013,48.02154912,12.4013,0
642,Hungary_2022-03-03,Hungary,3/3/2022,144738,19.4131,47.1672,54.1672,26.58888125,43.76006098,12.4131,0
643,Other European countries_2022-03-03,Other European countries,3/3/2022,110876,12.99954151,49.28473481,51.31588972,19.8282511,47.36817543,14.69622253,0
644,Republic of Moldova_2022-03-03,Republic of Moldova,3/3/2022,103254,28.4646,47.1976,54.1976,35.4646,40.1976,21.4646,0
645,Slovakia_2022-03-03,Slovakia,3/3/2022,90329,19.4864,48.7062,55.7062,26.4864,41.7062,12.4864,0
646,Romania_2022-03-03,Romania,3/3/2022,57192,25.3,45.8667,52.8667,32.3,38.8667,18.3,0
647,Russian Federation_2022-03-03,Russian Federation,3/3/2022,53300,38.15560781,51.48885014,59.0670551,36.95829774,54.99876939,31.66952631,0
648,Belarus_2022-03-03,Belarus,3/3/2022,384,28.0463,53.5384,57.83893355,33.72794063,48.49689395,21.0463,0
635,Poland_2022-03-04,Poland,3/4/2022,756303,19.4013,52.1224,55.46950578,26.4013,48.02154912,12.4013,0
636,Hungary_2022-03-04,Hungary,3/4/2022,157004,19.4131,47.1672,54.1672,26.58888125,43.76006098,12.4131,0
637,Other European countries_2022-03-04,Other European countries,3/4/2022,133876,12.99954151,49.28473481,51.31588972,19.8282511,47.36817543,14.69622253,0
638,Slovakia_2022-03-04,Slovakia,3/4/2022,101529,19.4864,48.7062,55.7062,26.4864,41.7062,12.4864,0
639,Romania_2022-03-04,Romania,3/4/2022,63192,25.3,45.8667,52.8667,32.3,38.8667,18.3,0
640,Belarus_2022-03-04,Belarus,3/4/2022,406,28.0463,53.5384,57.83893355,33.72794063,48.49689395,21.0463,0
629,Poland_2022-03-05,Poland,3/5/2022,885303,19.4013,52.1224,55.46950578,26.4013,48.02154912,12.4013,0
630,Hungary_2022-03-05,Hungary,3/5/2022,169053,19.4131,47.1672,54.1672,26.58888125,43.76006098,12.4131,0
631,Other European countries_2022-03-05,Other European countries,3/5/2022,157056,12.99954151,49.28473481,51.31588972,19.8282511,47.36817543,14.69622253,0
632,Slovakia_2022-03-05,Slovakia,3/5/2022,113967,19.4864,48.7062,55.7062,26.4864,41.7062,12.4864,0
633,Republic of Moldova_2022-03-05,Republic of Moldova,3/5/2022,84067,28.4646,47.1976,54.1976,35.4646,40.1976,21.4646,0
634,Romania_2022-03-05,Romania,3/5/2022,71640,25.3,45.8667,52.8667,32.3,38.8667,18.3,0
623,Poland_2022-03-06,Poland,3/6/2022,1027603,19.4013,52.1224,55.46950578,26.4013,48.02154912,12.4013,0
624,Other European countries_2022-03-06,Other European countries,3/6/2022,183688,12.99954151,49.28473481,51.31588972,19.8282511,47.36817543,14.69622253,0
625,Hungary_2022-03-06,Hungary,3/6/2022,180163,19.4131,47.1672,54.1672,26.58888125,43.76006098,12.4131,0
626,Slovakia_2022-03-06,Slovakia,3/6/2022,128169,19.4864,48.7062,55.7062,26.4864,41.7062,12.4864,0
627,Republic of Moldova_2022-03-06,Republic of Moldova,3/6/2022,82762,28.4646,47.1976,54.1976,35.4646,40.1976,21.4646,0
628,Romania_2022-03-06,Romania,3/6/2022,82062,25.3,45.8667,52.8667,32.3,38.8667,18.3,0
618,Other European countries_2022-03-07,Other European countries,3/7/2022,210239,12.99954151,49.28473481,51.31588972,19.8282511,47.36817543,14.69622253,0
619,Hungary_2022-03-07,Hungary,3/7/2022,191348,19.4131,47.1672,54.1672,26.58888125,43.76006098,12.4131,0
620,Slovakia_2022-03-07,Slovakia,3/7/2022,140745,19.4864,48.7062,55.7062,26.4864,41.7062,12.4864,0
622,Belarus_2022-03-07,Belarus,3/7/2022,453,28.0463,53.5384,57.83893355,33.72794063,48.49689395,21.0463,0
612,Other European countries_2022-03-08,Other European countries,3/8/2022,235745,12.99954151,49.28473481,51.31588972,19.8282511,47.36817543,14.69622253,0
613,Hungary_2022-03-08,Hungary,3/8/2022,214160,19.4131,47.1672,54.1672,26.58888125,43.76006098,12.4131,0
614,Slovakia_2022-03-08,Slovakia,3/8/2022,153303,19.4864,48.7062,55.7062,26.4864,41.7062,12.4864,0
615,Romania_2022-03-08,Romania,3/8/2022,84671,25.3,45.8667,52.8667,32.3,38.8667,18.3,0
616,Belarus_2022-03-08,Belarus,3/8/2022,592,28.0463,53.5384,57.83893355,33.72794063,48.49689395,21.0463,0
617,Poland_2022-03-08,Poland,3/8/2022,1412503,19.4013,52.1224,55.46950578,26.4013,48.02154912,12.4013,0
621,Russian Federation_2022-03-08,Russian Federation,3/8/2022,99300,38.15560781,51.48885014,59.0670551,36.95829774,54.99876939,31.66952631,0
608,Other European countries_2022-03-09,Other European countries,3/9/2022,258844,12.99954151,49.28473481,51.31588972,19.8282511,47.36817543,14.69622253,0
609,Slovakia_2022-03-09,Slovakia,3/9/2022,165199,19.4864,48.7062,55.7062,26.4864,41.7062,12.4864,0
610,Russian Federation_2022-03-09,Russian Federation,3/9/2022,97098,38.15560781,51.48885014,59.0670551,36.95829774,54.99876939,31.66952631,0
611,Belarus_2022-03-09,Belarus,3/9/2022,765,28.0463,53.5384,57.83893355,33.72794063,48.49689395,21.0463,0
602,Other European countries_2022-03-10,Other European countries,3/10/2022,282497,12.99954151,49.28473481,51.31588972,19.8282511,47.36817543,14.69622253,0
603,Hungary_2022-03-10,Hungary,3/10/2022,225046,19.4131,47.1672,54.1672,26.58888125,43.76006098,12.4131,0
604,Slovakia_2022-03-10,Slovakia,3/10/2022,176092,19.4864,48.7062,55.7062,26.4864,41.7062,12.4864,0
605,Republic of Moldova_2022-03-10,Republic of Moldova,3/10/2022,104929,28.4646,47.1976,54.1976,35.4646,40.1976,21.4646,0
606,Russian Federation_2022-03-10,Russian Federation,3/10/2022,105897,38.15560781,51.48885014,59.0670551,36.95829774,54.99876939,31.66952631,0
607,Belarus_2022-03-10,Belarus,3/10/2022,858,28.0463,53.5384,57.83893355,33.72794063,48.49689395,21.0463,0
597,Other European countries_2022-03-11,Other European countries,3/11/2022,304156,12.99954151,49.28473481,51.31588972,19.8282511,47.36817543,14.69622253,0
598,Hungary_2022-03-11,Hungary,3/11/2022,235576,19.4131,47.1672,54.1672,26.58888125,43.76006098,12.4131,0
599,Slovakia_2022-03-11,Slovakia,3/11/2022,185673,19.4864,48.7062,55.7062,26.4864,41.7062,12.4864,0
600,Belarus_2022-03-11,Belarus,3/11/2022,938,28.0463,53.5384,57.83893355,33.72794063,48.49689395,21.0463,0
601,Poland_2022-03-11,Poland,3/11/2022,1575703,19.4013,52.1224,55.46950578,26.4013,48.02154912,12.4013,0
594,Poland_2022-03-12,Poland,3/12/2022,1655503,19.4013,52.1224,55.46950578,26.4013,48.02154912,12.4013,0
595,Hungary_2022-03-12,Hungary,3/12/2022,246206,19.4131,47.1672,54.1672,26.58888125,43.76006098,12.4131,0
596,Slovakia_2022-03-12,Slovakia,3/12/2022,195980,19.4864,48.7062,55.7062,26.4864,41.7062,12.4864,0
587,Romania_2022-03-13,Romania,3/13/2022,181596,25.3,45.8667,52.8667,32.3,38.8667,18.3,0
588,Poland_2022-03-13,Poland,3/13/2022,1720227,19.4013,52.1224,55.46950578,26.4013,48.02154912,12.4013,0
589,Hungary_2022-03-13,Hungary,3/13/2022,255291,19.4131,47.1672,54.1672,26.58888125,43.76006098,12.4131,0
590,Slovakia_2022-03-13,Slovakia,3/13/2022,204862,19.4864,48.7062,55.7062,26.4864,41.7062,12.4864,0
591,Russian Federation_2022-03-13,Russian Federation,3/13/2022,131365,38.15560781,51.48885014,59.0670551,36.95829774,54.99876939,31.66952631,0
592,Republic of Moldova_2022-03-13,Republic of Moldova,3/13/2022,330217,28.4646,47.1976,54.1976,35.4646,40.1976,21.4646,0
593,Belarus_2022-03-13,Belarus,3/13/2022,1226,28.0463,53.5384,57.83893355,33.72794063,48.49689395,21.0463,0
581,Republic of Moldova_2022-03-14,Republic of Moldova,3/14/2022,337215,28.4646,47.1976,54.1976,35.4646,40.1976,21.4646,0
582,Hungary_2022-03-14,Hungary,3/14/2022,263888,19.4131,47.1672,54.1672,26.58888125,43.76006098,12.4131,0
583,Slovakia_2022-03-14,Slovakia,3/14/2022,213000,19.4864,48.7062,55.7062,26.4864,41.7062,12.4864,0
584,Romania_2022-03-14,Romania,3/14/2022,202592,25.3,45.8667,52.8667,32.3,38.8667,18.3,0
585,Russian Federation_2022-03-14,Russian Federation,3/14/2022,142994,38.15560781,51.48885014,59.0670551,36.95829774,54.99876939,31.66952631,0
586,Belarus_2022-03-14,Belarus,3/14/2022,1475,28.0463,53.5384,57.83893355,33.72794063,48.49689395,21.0463,0
574,Republic of Moldova_2022-03-15,Republic of Moldova,3/15/2022,344454,28.4646,47.1976,54.1976,35.4646,40.1976,21.4646,0
575,Slovakia_2022-03-15,Slovakia,3/15/2022,220977,19.4864,48.7062,55.7062,26.4864,41.7062,12.4864,0
576,Russian Federation_2022-03-15,Russian Federation,3/15/2022,155841,38.15560781,51.48885014,59.0670551,36.95829774,54.99876939,31.66952631,0
577,Belarus_2022-03-15,Belarus,3/15/2022,1816,28.0463,53.5384,57.83893355,33.72794063,48.49689395,21.0463,0
578,Hungary_2022-03-15,Hungary,3/15/2022,272943,19.4131,47.1672,54.1672,26.58888125,43.76006098,12.4131,0
579,Romania_2022-03-15,Romania,3/15/2022,210019,25.3,45.8667,52.8667,32.3,38.8667,18.3,0
580,Poland_2022-03-15,Poland,3/15/2022,1857045,19.4013,52.1224,55.46950578,26.4013,48.02154912,12.4013,0
567,Poland_2022-03-16,Poland,3/16/2022,1916445,19.4013,52.1224,55.46950578,26.4013,48.02154912,12.4013,0
568,Republic of Moldova_2022-03-16,Republic of Moldova,3/16/2022,350886,28.4646,47.1976,54.1976,35.4646,40.1976,21.4646,0
569,Hungary_2022-03-16,Hungary,3/16/2022,282611,19.4131,47.1672,54.1672,26.58888125,43.76006098,12.4131,0
570,Slovakia_2022-03-16,Slovakia,3/16/2022,228844,19.4864,48.7062,55.7062,26.4864,41.7062,12.4864,0
571,Romania_2022-03-16,Romania,3/16/2022,220126,25.3,45.8667,52.8667,32.3,38.8667,18.3,0
572,Russian Federation_2022-03-16,Russian Federation,3/16/2022,168858,38.15560781,51.48885014,59.0670551,36.95829774,54.99876939,31.66952631,0
573,Belarus_2022-03-16,Belarus,3/16/2022,2127,28.0463,53.5384,57.83893355,33.72794063,48.49689395,21.0463,0
560,Belarus_2022-03-17,Belarus,3/17/2022,2548,28.0463,53.5384,57.83893355,33.72794063,48.49689395,21.0463,0
562,Republic of Moldova_2022-03-17,Republic of Moldova,3/17/2022,355426,28.4646,47.1976,54.1976,35.4646,40.1976,21.4646,0
563,Hungary_2022-03-17,Hungary,3/17/2022,291230,19.4131,47.1672,54.1672,26.58888125,43.76006098,12.4131,0
564,Slovakia_2022-03-17,Slovakia,3/17/2022,234738,19.4864,48.7062,55.7062,26.4864,41.7062,12.4864,0
565,Romania_2022-03-17,Romania,3/17/2022,227129,25.3,45.8667,52.8667,32.3,38.8667,18.3,0
566,Russian Federation_2022-03-17,Russian Federation,3/17/2022,184563,38.15560781,51.48885014,59.0670551,36.95829774,54.99876939,31.66952631,0
556,Republic of Moldova_2022-03-18,Republic of Moldova,3/18/2022,359056,28.4646,47.1976,54.1976,35.4646,40.1976,21.4646,0
557,Hungary_2022-03-18,Hungary,3/18/2022,299273,19.4131,47.1672,54.1672,26.58888125,43.76006098,12.4131,0
558,Slovakia_2022-03-18,Slovakia,3/18/2022,240009,19.4864,48.7062,55.7062,26.4864,41.7062,12.4864,0
559,Romania_2022-03-18,Romania,3/18/2022,232550,25.3,45.8667,52.8667,32.3,38.8667,18.3,0
561,Poland_2022-03-18,Poland,3/18/2022,2010693,19.4013,52.1224,55.46950578,26.4013,48.02154912,12.4013,0
551,Poland_2022-03-19,Poland,3/19/2022,2050392,19.4013,52.1224,55.46950578,26.4013,48.02154912,12.4013,0
552,Republic of Moldova_2022-03-19,Republic of Moldova,3/19/2022,362514,28.4646,47.1976,49.01963843,31.68530313,45.04427345,25.06811563,0
553,Hungary_2022-03-19,Hungary,3/19/2022,305518,19.4131,47.1672,54.1672,26.58888125,43.76006098,12.4131,0
554,Slovakia_2022-03-19,Slovakia,3/19/2022,245569,19.4864,48.7062,55.7062,26.4864,41.7062,12.4864,0
555,Romania_2022-03-19,Romania,3/19/2022,237940,25.3,45.8667,52.8667,32.3,38.8667,18.3,0
544,Poland_2022-03-20,Poland,3/20/2022,2083854,19.4013,52.1224,55.46950578,26.4013,48.02154912,12.4013,0
545,Republic of Moldova_2022-03-20,Republic of Moldova,3/20/2022,365197,28.4646,47.1976,49.01963843,31.68530313,45.04427345,25.06811563,0
546,Hungary_2022-03-20,Hungary,3/20/2022,312120,19.4131,47.1672,54.1672,26.58888125,43.76006098,12.4131,0
547,Slovakia_2022-03-20,Slovakia,3/20/2022,250036,19.4864,48.7062,55.7062,26.4864,41.7062,12.4864,0
548,Romania_2022-03-20,Romania,3/20/2022,242908,25.3,45.8667,52.8667,32.3,38.8667,18.3,0
549,Russian Federation_2022-03-20,Russian Federation,3/20/2022,231764,38.15560781,51.48885014,59.0670551,36.95829774,54.99876939,31.66952631,0
550,Belarus_2022-03-20,Belarus,3/20/2022,3765,28.0463,53.5384,57.83893355,33.72794063,48.49689395,21.0463,0
537,Poland_2022-03-21,Poland,3/21/2022,2113554,19.4013,52.1224,55.46950578,26.4013,48.02154912,12.4013,0
538,Republic of Moldova_2022-03-21,Republic of Moldova,3/21/2022,367913,28.4646,47.1976,49.01963843,31.68530313,45.04427345,25.06811563,0
539,Hungary_2022-03-21,Hungary,3/21/2022,317863,19.4131,47.1672,54.1672,26.58888125,43.76006098,12.4131,0
540,Slovakia_2022-03-21,Slovakia,3/21/2022,253592,19.4864,48.7062,55.7062,26.4864,41.7062,12.4864,0
541,Russian Federation_2022-03-21,Russian Federation,3/21/2022,252376,38.15560781,51.48885014,59.0670551,36.95829774,54.99876939,31.66952631,0
542,Romania_2022-03-21,Romania,3/21/2022,247639,25.3,45.8667,52.8667,32.3,38.8667,18.3,0
543,Belarus_2022-03-21,Belarus,3/21/2022,4308,28.0463,53.5384,57.83893355,33.72794063,48.49689395,21.0463,0
530,Poland_2022-03-22,Poland,3/22/2022,2144244,19.4013,52.1224,55.46950578,26.4013,48.02154912,12.4013,0
531,Republic of Moldova_2022-03-22,Republic of Moldova,3/22/2022,371104,28.4646,47.1976,49.01963843,31.68530313,45.04427345,25.06811563,0
532,Hungary_2022-03-22,Hungary,3/22/2022,324397,19.4131,47.1672,54.1672,26.58888125,43.76006098,12.4131,0
533,Russian Federation_2022-03-22,Russian Federation,3/22/2022,271254,38.15560781,51.48885014,59.0670551,36.95829774,54.99876939,31.66952631,0
534,Slovakia_2022-03-22,Slovakia,3/22/2022,256838,19.4864,48.7062,55.7062,26.4864,41.7062,12.4864,0
535,Romania_2022-03-22,Romania,3/22/2022,253771,25.3,45.8667,52.8667,32.3,38.8667,18.3,0
536,Belarus_2022-03-22,Belarus,3/22/2022,4938,28.0463,53.5384,57.83893355,33.72794063,48.49689395,21.0463,0
524,Poland_2022-03-23,Poland,3/23/2022,2173944,19.4013,52.1224,55.46950578,26.4013,48.02154912,12.4013,0
525,Republic of Moldova_2022-03-23,Republic of Moldova,3/23/2022,374059,28.4646,47.1976,49.01963843,31.68530313,45.04427345,25.06811563,0
526,Hungary_2022-03-23,Hungary,3/23/2022,330877,19.4131,47.1672,54.1672,26.58888125,43.76006098,12.4131,0
527,Slovakia_2022-03-23,Slovakia,3/23/2022,260244,19.4864,48.7062,55.7062,26.4864,41.7062,12.4864,0
528,Romania_2022-03-23,Romania,3/23/2022,259005,25.3,45.8667,52.8667,32.3,38.8667,18.3,0
529,Belarus_2022-03-23,Belarus,3/23/2022,5569,28.0463,53.5384,57.83893355,33.72794063,48.49689395,21.0463,0
518,Poland_2022-03-24,Poland,3/24/2022,2206119,19.4013,52.1224,55.46950578,26.4013,48.02154912,12.4013,0
519,Republic of Moldova_2022-03-24,Republic of Moldova,3/24/2022,376748,28.4646,47.1976,49.01963843,31.68530313,45.04427345,25.06811563,0
520,Hungary_2022-03-24,Hungary,3/24/2022,336701,19.4131,47.1672,54.1672,26.58888125,43.76006098,12.4131,0
521,Romania_2022-03-24,Romania,3/24/2022,264684,25.3,45.8667,52.8667,32.3,38.8667,18.3,0
522,Slovakia_2022-03-24,Slovakia,3/24/2022,263959,19.4864,48.7062,55.7062,26.4864,41.7062,12.4864,0
523,Belarus_2022-03-24,Belarus,3/24/2022,6341,28.0463,53.5384,57.83893355,33.72794063,48.49689395,21.0463,0
513,Poland_2022-03-25,Poland,3/25/2022,2236314,19.4013,52.1224,55.46950578,26.4013,48.02154912,12.4013,0
514,Republic of Moldova_2022-03-25,Republic of Moldova,3/25/2022,379204,28.4646,47.1976,49.01963843,31.68530313,45.04427345,25.06811563,0
515,Hungary_2022-03-25,Hungary,3/25/2022,342738,19.4131,47.1672,54.1672,26.58888125,43.76006098,12.4131,0
516,Romania_2022-03-25,Romania,3/25/2022,269046,25.3,45.8667,52.8667,32.3,38.8667,18.3,0
517,Slovakia_2022-03-25,Slovakia,3/25/2022,267702,19.4864,48.7062,55.7062,26.4864,41.7062,12.4864,0
508,Poland_2022-03-26,Poland,3/26/2022,2267103,19.4013,52.1224,55.46950578,26.4013,48.02154912,12.4013,0
509,Republic of Moldova_2022-03-26,Republic of Moldova,3/26/2022,381395,28.4646,47.1976,49.01963843,31.68530313,45.04427345,25.06811563,0
510,Hungary_2022-03-26,Hungary,3/26/2022,349107,19.4131,47.1672,54.1672,26.58888125,43.76006098,12.4131,0
511,Romania_2022-03-26,Romania,3/26/2022,273837,25.3,45.8667,52.8667,32.3,38.8667,18.3,0
512,Slovakia_2022-03-26,Slovakia,3/26/2022,272012,19.4864,48.7062,55.7062,26.4864,41.7062,12.4864,0
502,Poland_2022-03-27,Poland,3/27/2022,2293833,19.4013,52.1224,55.46950578,26.4013,48.02154912,12.4013,0
503,Republic of Moldova_2022-03-27,Republic of Moldova,3/27/2022,383627,28.4646,47.1976,49.01963843,31.68530313,45.04427345,25.06811563,0
504,Hungary_2022-03-27,Hungary,3/27/2022,354041,19.4131,47.1672,54.1672,26.58888125,43.76006098,12.4131,0
505,Romania_2022-03-27,Romania,3/27/2022,278955,25.3,45.8667,52.8667,32.3,38.8667,18.3,0
506,Slovakia_2022-03-27,Slovakia,3/27/2022,275439,19.4864,48.7062,55.7062,26.4864,41.7062,12.4864,0
507,Belarus_2022-03-27,Belarus,3/27/2022,9075,28.0463,53.5384,57.83893355,33.72794063,48.49689395,21.0463,0
496,Poland_2022-03-28,Poland,3/28/2022,2314623,19.4013,52.1224,55.46950578,26.4013,48.02154912,12.4013,0
497,Republic of Moldova_2022-03-28,Republic of Moldova,3/28/2022,385222,28.4646,47.1976,49.01963843,31.68530313,45.04427345,25.06811563,0
498,Hungary_2022-03-28,Hungary,3/28/2022,359197,19.4131,47.1672,54.1672,26.58888125,43.76006098,12.4131,0
499,Romania_2022-03-28,Romania,3/28/2022,283304,25.3,45.8667,52.8667,32.3,38.8667,18.3,0
500,Slovakia_2022-03-28,Slovakia,3/28/2022,278238,19.4864,48.7062,55.7062,26.4864,41.7062,12.4864,0
501,Belarus_2022-03-28,Belarus,3/28/2022,9875,28.0463,53.5384,57.83893355,33.72794063,48.49689395,21.0463,0
489,Poland_2022-03-29,Poland,3/29/2022,2336799,19.4013,52.1224,55.46950578,26.4013,48.02154912,12.4013,0
490,Republic of Moldova_2022-03-29,Republic of Moldova,3/29/2022,387151,28.4646,47.1976,49.01963843,31.68530313,45.04427345,25.06811563,0
491,Hungary_2022-03-29,Hungary,3/29/2022,364804,19.4131,47.1672,54.1672,26.58888125,43.76006098,12.4131,0
492,Russian Federation_2022-03-29,Russian Federation,3/29/2022,350632,38.15560781,51.48885014,59.0670551,36.95829774,54.99876939,31.66952631,0
493,Romania_2022-03-29,Romania,3/29/2022,287827,25.3,45.8667,52.8667,32.3,38.8667,18.3,0
494,Slovakia_2022-03-29,Slovakia,3/29/2022,281172,19.4864,48.7062,55.7062,26.4864,41.7062,12.4864,0
495,Belarus_2022-03-29,Belarus,3/29/2022,10902,28.0463,53.5384,57.83893355,33.72794063,48.49689395,21.0463,0
483,Poland_2022-03-30,Poland,3/30/2022,2362044,19.4013,52.1224,55.46950578,26.4013,48.02154912,12.4013,0
484,Republic of Moldova_2022-03-30,Republic of Moldova,3/30/2022,388837,28.4646,47.1976,49.01963843,31.68530313,45.04427345,25.06811563,0
485,Hungary_2022-03-30,Hungary,3/30/2022,368807,19.4131,47.1672,54.1672,26.58888125,43.76006098,12.4131,0
486,Romania_2022-03-30,Romania,3/30/2022,293140,25.3,45.8667,52.8667,32.3,38.8667,18.3,0
487,Slovakia_2022-03-30,Slovakia,3/30/2022,283824,19.4864,48.7062,55.7062,26.4864,41.7062,12.4864,0
488,Belarus_2022-03-30,Belarus,3/30/2022,11821,28.0463,53.5384,57.83893355,33.72794063,48.49689395,21.0463,0
477,Poland_2022-03-31,Poland,3/31/2022,2384814,19.4013,52.1224,55.46950578,26.4013,48.02154912,12.4013,0
478,Republic of Moldova_2022-03-31,Republic of Moldova,3/31/2022,390187,28.4646,47.1976,49.01963843,31.68530313,45.04427345,25.06811563,0
479,Hungary_2022-03-31,Hungary,3/31/2022,374535,19.4131,47.1672,54.1672,26.58888125,43.76006098,12.4131,0
480,Romania_2022-03-31,Romania,3/31/2022,297923,25.3,45.8667,52.8667,32.3,38.8667,18.3,0
481,Slovakia_2022-03-31,Slovakia,3/31/2022,292039,19.4864,48.7062,55.7062,26.4864,41.7062,12.4864,0
482,Belarus_2022-03-31,Belarus,3/31/2022,12746,28.0463,53.5384,57.83893355,33.72794063,48.49689395,21.0463,0
472,Poland_2022-04-01,Poland,4/1/2022,2405703,19.4013,52.1224,55.46950578,26.4013,48.02154912,12.4013,0
473,Republic of Moldova_2022-04-01,Republic of Moldova,4/1/2022,391592,28.4646,47.1976,49.01963843,31.68530313,45.04427345,25.06811563,0
474,Hungary_2022-04-01,Hungary,4/1/2022,379988,19.4131,47.1672,54.1672,26.58888125,43.76006098,12.4131,0
475,Romania_2022-04-01,Romania,4/1/2022,302296,25.3,45.8667,52.8667,32.3,38.8667,18.3,0
476,Slovakia_2022-04-01,Slovakia,4/1/2022,294885,19.4864,48.7062,55.7062,26.4864,41.7062,12.4864,0
467,Poland_2022-04-02,Poland,4/2/2022,2429265,19.4013,52.1224,55.46950578,26.4013,48.02154912,12.4013,0
468,Republic of Moldova_2022-04-02,Republic of Moldova,4/2/2022,392933,28.4646,47.1976,49.01963843,31.68530313,45.04427345,25.06811563,0
469,Hungary_2022-04-02,Hungary,4/2/2022,385783,19.4131,47.1672,54.1672,26.58888125,43.76006098,12.4131,0
470,Romania_2022-04-02,Romania,4/2/2022,306859,25.3,45.8667,52.8667,32.3,38.8667,18.3,0
471,Slovakia_2022-04-02,Slovakia,4/2/2022,298183,19.4864,48.7062,55.7062,26.4864,41.7062,12.4864,0
461,Poland_2022-04-03,Poland,4/3/2022,2451342,19.4013,52.1224,55.46950578,26.4013,48.02154912,12.4013,0
462,Republic of Moldova_2022-04-03,Republic of Moldova,4/3/2022,394740,28.4646,47.1976,49.01963843,31.68530313,45.04427345,25.06811563,0
463,Hungary_2022-04-03,Hungary,4/3/2022,390302,19.4131,47.1672,54.1672,26.58888125,43.76006098,12.4131,0
464,Romania_2022-04-03,Romania,4/3/2022,311345,25.3,45.8667,52.8667,32.3,38.8667,18.3,0
465,Slovakia_2022-04-03,Slovakia,4/3/2022,301405,19.4864,48.7062,55.7062,26.4864,41.7062,12.4864,0
466,Belarus_2022-04-03,Belarus,4/3/2022,15281,28.0463,53.5384,57.83893355,33.72794063,48.49689395,21.0463,0
456,Poland_2022-04-04,Poland,4/4/2022,2469657,19.4013,52.1224,55.46950578,26.4013,48.02154912,12.4013,0
457,Republic of Moldova_2022-04-04,Republic of Moldova,4/4/2022,396448,28.4646,47.1976,49.01963843,31.68530313,45.04427345,25.06811563,0
458,Hungary_2022-04-04,Hungary,4/4/2022,394728,19.4131,47.1672,54.1672,26.58888125,43.76006098,12.4131,0
459,Romania_2022-04-04,Romania,4/4/2022,315451,25.3,45.8667,52.8667,32.3,38.8667,18.3,0
460,Belarus_2022-04-04,Belarus,4/4/2022,16274,28.0463,53.5384,57.83893355,33.72794063,48.49689395,21.0463,0
450,Poland_2022-04-05,Poland,4/5/2022,2490447,19.4013,52.1224,55.46950578,26.4013,48.02154912,12.4013,0
451,Republic of Moldova_2022-04-05,Republic of Moldova,4/5/2022,399039,28.4646,47.1976,49.01963843,31.68530313,45.04427345,25.06811563,0
452,Hungary_2022-04-05,Hungary,4/5/2022,398932,19.4131,47.1672,54.1672,26.58888125,43.76006098,12.4131,0
453,Romania_2022-04-05,Romania,4/5/2022,320005,25.3,45.8667,52.8667,32.3,38.8667,18.3,0
454,Slovakia_2022-04-05,Slovakia,4/5/2022,302417,19.4864,48.7062,55.7062,26.4864,41.7062,12.4864,0
455,Belarus_2022-04-05,Belarus,4/5/2022,17317,28.0463,53.5384,57.83893355,33.72794063,48.49689395,21.0463,0
444,Poland_2022-04-06,Poland,4/6/2022,2514504,19.4013,52.1224,55.46950578,26.4013,48.02154912,12.4013,0
445,Hungary_2022-04-06,Hungary,4/6/2022,404021,19.4131,47.1672,54.1672,26.58888125,43.76006098,12.4131,0
446,Republic of Moldova_2022-04-06,Republic of Moldova,4/6/2022,401704,28.4646,47.1976,49.01963843,31.68530313,45.04427345,25.06811563,0
447,Romania_2022-04-06,Romania,4/6/2022,325590,25.3,45.8667,52.8667,32.3,38.8667,18.3,0
448,Slovakia_2022-04-06,Slovakia,4/6/2022,304983,19.4864,48.7062,55.7062,26.4864,41.7062,12.4864,0
449,Belarus_2022-04-06,Belarus,4/6/2022,18060,28.0463,53.5384,57.83893355,33.72794063,48.49689395,21.0463,0
437,Poland_2022-04-07,Poland,4/7/2022,2537769,19.4013,52.1224,55.46950578,26.4013,48.02154912,12.4013,0
438,Hungary_2022-04-07,Hungary,4/7/2022,408652,19.4131,47.1672,54.1672,26.58888125,43.76006098,12.4131,0
439,Republic of Moldova_2022-04-07,Republic of Moldova,4/7/2022,404257,28.4646,47.1976,49.01963843,31.68530313,45.04427345,25.06811563,0
440,Russian Federation_2022-04-07,Russian Federation,4/7/2022,373589,38.15560781,51.48885014,59.0670551,36.95829774,54.99876939,31.66952631,0
441,Romania_2022-04-07,Romania,4/7/2022,331181,25.3,45.8667,52.8667,32.3,38.8667,18.3,0
442,Slovakia_2022-04-07,Slovakia,4/7/2022,307772,19.4864,48.7062,55.7062,26.4864,41.7062,12.4864,0
443,Belarus_2022-04-07,Belarus,4/7/2022,19096,28.0463,53.5384,57.83893355,33.72794063,48.49689395,21.0463,0
431,Poland_2022-04-08,Poland,4/8/2022,2564994,19.4013,52.1224,55.46950578,26.4013,48.02154912,12.4013,0
432,Hungary_2022-04-08,Hungary,4/8/2022,413888,19.4131,47.1672,54.1672,26.58888125,43.76006098,12.4131,0
433,Republic of Moldova_2022-04-08,Republic of Moldova,4/8/2022,406611,28.4646,47.1976,49.01963843,31.68530313,45.04427345,25.06811563,0
434,Russian Federation_2022-04-08,Russian Federation,4/8/2022,389845,38.15560781,51.48885014,59.0670551,36.95829774,54.99876939,31.66952631,0
435,Romania_2022-04-08,Romania,4/8/2022,336240,25.3,45.8667,52.8667,32.3,38.8667,18.3,0
436,Slovakia_2022-04-08,Slovakia,4/8/2022,310989,19.4864,48.7062,55.7062,26.4864,41.7062,12.4864,0
425,Poland_2022-04-09,Poland,4/9/2022,2593902,19.4013,52.1224,55.46950578,26.4013,48.02154912,12.4013,0
426,Hungary_2022-04-09,Hungary,4/9/2022,419101,19.4131,47.1672,54.1672,26.58888125,43.76006098,12.4131,0
427,Republic of Moldova_2022-04-09,Republic of Moldova,4/9/2022,410882,28.4646,47.1976,49.01963843,31.68530313,45.04427345,25.06811563,0
428,Russian Federation_2022-04-09,Russian Federation,4/9/2022,404418,38.15560781,51.48885014,59.0670551,36.95829774,54.99876939,31.66952631,0
429,Romania_2022-04-09,Romania,4/9/2022,342070,25.3,45.8667,52.8667,32.3,38.8667,18.3,0
430,Slovakia_2022-04-09,Slovakia,4/9/2022,314485,19.4864,48.7062,55.7062,26.4864,41.7062,12.4864,0
419,Poland_2022-04-10,Poland,4/10/2022,2622117,19.4013,52.1224,55.46950578,26.4013,48.02154912,12.4013,0
420,Hungary_2022-04-10,Hungary,4/10/2022,424367,19.4131,47.1672,54.1672,26.58888125,43.76006098,12.4131,0
421,Republic of Moldova_2022-04-10,Republic of Moldova,4/10/2022,411365,28.4646,47.1976,49.01963843,31.68530313,45.04427345,25.06811563,0
422,Romania_2022-04-10,Romania,4/10/2022,346948,25.3,45.8667,52.8667,32.3,38.8667,18.3,0
423,Slovakia_2022-04-10,Slovakia,4/10/2022,317781,19.4864,48.7062,55.7062,26.4864,41.7062,12.4864,0
424,Belarus_2022-04-10,Belarus,4/10/2022,20739,28.0463,53.5384,57.83893355,33.72794063,48.49689395,21.0463,0
412,Poland_2022-04-11,Poland,4/11/2022,2645877,19.4013,52.1224,55.46950578,26.4013,48.02154912,12.4013,0
413,Russian Federation_2022-04-11,Russian Federation,4/11/2022,433083,38.15560781,51.48885014,59.0670551,36.95829774,54.99876939,31.66952631,0
414,Hungary_2022-04-11,Hungary,4/11/2022,428954,19.4131,47.1672,54.1672,26.58888125,43.76006098,12.4131,0
415,Republic of Moldova_2022-04-11,Republic of Moldova,4/11/2022,413374,28.4646,47.1976,49.01963843,31.68530313,45.04427345,25.06811563,0
416,Romania_2022-04-11,Romania,4/11/2022,353004,25.3,45.8667,52.8667,32.3,38.8667,18.3,0
417,Slovakia_2022-04-11,Slovakia,4/11/2022,320246,19.4864,48.7062,55.7062,26.4864,41.7062,12.4864,0
418,Belarus_2022-04-11,Belarus,4/11/2022,21292,28.0463,53.5384,57.83893355,33.72794063,48.49689395,21.0463,0
406,Poland_2022-04-12,Poland,4/12/2022,2669637,19.4013,52.1224,55.46950578,26.4013,48.02154912,12.4013,0
407,Hungary_2022-04-12,Hungary,4/12/2022,434342,19.4131,47.1672,54.1672,26.58888125,43.76006098,12.4131,0
408,Republic of Moldova_2022-04-12,Republic of Moldova,4/12/2022,415850,28.4646,47.1976,49.01963843,31.68530313,45.04427345,25.06811563,0
409,Romania_2022-04-12,Romania,4/12/2022,358725,25.3,45.8667,52.8667,32.3,38.8667,18.3,0
410,Slovakia_2022-04-12,Slovakia,4/12/2022,323020,19.4864,48.7062,55.7062,26.4864,41.7062,12.4864,0
411,Belarus_2022-04-12,Belarus,4/12/2022,21852,28.0463,53.5384,57.83893355,33.72794063,48.49689395,21.0463,0
399,Poland_2022-04-13,Poland,4/13/2022,2694090,19.4013,52.1224,55.46950578,26.4013,48.02154912,12.4013,0
400,Russian Federation_2022-04-13,Russian Federation,4/13/2022,471014,38.15560781,51.48885014,59.0670551,36.95829774,54.99876939,31.66952631,0
401,Hungary_2022-04-13,Hungary,4/13/2022,440387,19.4131,47.1672,54.1672,26.58888125,43.76006098,12.4131,0
402,Republic of Moldova_2022-04-13,Republic of Moldova,4/13/2022,417650,28.4646,47.1976,49.01963843,31.68530313,45.04427345,25.06811563,0
403,Romania_2022-04-13,Romania,4/13/2022,364658,25.3,45.8667,52.8667,32.3,38.8667,18.3,0
404,Slovakia_2022-04-13,Slovakia,4/13/2022,326244,19.4864,48.7062,55.7062,26.4864,41.7062,12.4864,0
405,Belarus_2022-04-13,Belarus,4/13/2022,22428,28.0463,53.5384,57.83893355,33.72794063,48.49689395,21.0463,0
392,Poland_2022-04-14,Poland,4/14/2022,2720622,19.4013,52.1224,55.46950578,26.4013,48.02154912,12.4013,0
393,Russian Federation_2022-04-14,Russian Federation,4/14/2022,484725,38.15560781,51.48885014,59.0670551,36.95829774,54.99876939,31.66952631,0
394,Hungary_2022-04-14,Hungary,4/14/2022,447053,19.4131,47.1672,54.1672,26.58888125,43.76006098,12.4131,0
395,Republic of Moldova_2022-04-14,Republic of Moldova,4/14/2022,419499,28.4646,47.1976,49.01963843,31.68530313,45.04427345,25.06811563,0
396,Romania_2022-04-14,Romania,4/14/2022,371922,25.3,45.8667,52.8667,32.3,38.8667,18.3,0
397,Slovakia_2022-04-14,Slovakia,4/14/2022,329597,19.4864,48.7062,55.7062,26.4864,41.7062,12.4864,0
398,Belarus_2022-04-14,Belarus,4/14/2022,22827,28.0463,53.5384,57.83893355,33.72794063,48.49689395,21.0463,0
387,Poland_2022-04-15,Poland,4/15/2022,2744778,19.4013,52.1224,55.46950578,26.4013,48.02154912,12.4013,0
388,Hungary_2022-04-15,Hungary,4/15/2022,454098,19.4131,47.1672,54.1672,26.58888125,43.76006098,12.4131,0
389,Republic of Moldova_2022-04-15,Republic of Moldova,4/15/2022,421130,28.4646,47.1976,49.01963843,31.68530313,45.04427345,25.06811563,0
390,Romania_2022-04-15,Romania,4/15/2022,376180,25.3,45.8667,52.8667,32.3,38.8667,18.3,0
391,Slovakia_2022-04-15,Slovakia,4/15/2022,332707,19.4864,48.7062,55.7062,26.4864,41.7062,12.4864,0
382,Poland_2022-04-16,Poland,4/16/2022,2763786,19.4013,52.1224,55.46950578,26.4013,48.02154912,12.4013,0
383,Hungary_2022-04-16,Hungary,4/16/2022,458654,19.4131,47.1672,54.1672,26.58888125,43.76006098,12.4131,0
384,Republic of Moldova_2022-04-16,Republic of Moldova,4/16/2022,422550,28.4646,47.1976,49.01963843,31.68530313,45.04427345,25.06811563,0
385,Romania_2022-04-16,Romania,4/16/2022,381234,25.3,45.8667,52.8667,32.3,38.8667,18.3,0
386,Slovakia_2022-04-16,Slovakia,4/16/2022,335243,19.4864,48.7062,55.7062,26.4864,41.7062,12.4864,0
375,Poland_2022-04-17,Poland,4/17/2022,2780913,19.4013,52.1224,55.46950578,26.4013,48.02154912,12.4013,0
376,Russian Federation_2022-04-17,Russian Federation,4/17/2022,522404,38.15560781,51.48885014,59.0670551,36.95829774,54.99876939,31.66952631,0
377,Hungary_2022-04-17,Hungary,4/17/2022,461539,19.4131,47.1672,54.1672,26.58888125,43.76006098,12.4131,0
378,Republic of Moldova_2022-04-17,Republic of Moldova,4/17/2022,423852,28.4646,47.1976,49.01963843,31.68530313,45.04427345,25.06811563,0
379,Romania_2022-04-17,Romania,4/17/2022,384927,25.3,45.8667,52.8667,32.3,38.8667,18.3,0
380,Slovakia_2022-04-17,Slovakia,4/17/2022,337311,19.4864,48.7062,55.7062,26.4864,41.7062,12.4864,0
381,Belarus_2022-04-17,Belarus,4/17/2022,23469,28.0463,53.5384,57.83893355,33.72794063,48.49689395,21.0463,0
368,Poland_2022-04-18,Poland,4/18/2022,2800713,19.4013,52.1224,55.46950578,26.4013,48.02154912,12.4013,0
369,Russian Federation_2022-04-18,Russian Federation,4/18/2022,535842,38.15560781,51.48885014,59.0670551,36.95829774,54.99876939,31.66952631,0
370,Hungary_2022-04-18,Hungary,4/18/2022,465598,19.4131,47.1672,54.1672,26.58888125,43.76006098,12.4131,0
371,Republic of Moldova_2022-04-18,Republic of Moldova,4/18/2022,425227,28.4646,47.1976,49.01963843,31.68530313,45.04427345,25.06811563,0
372,Romania_2022-04-18,Romania,4/18/2022,389920,25.3,45.8667,52.8667,32.3,38.8667,18.3,0
373,Slovakia_2022-04-18,Slovakia,4/18/2022,339680,19.4864,48.7062,55.7062,26.4864,41.7062,12.4864,0
374,Belarus_2022-04-18,Belarus,4/18/2022,23609,28.0463,53.5384,57.83893355,33.72794063,48.49689395,21.0463,0
361,Poland_2022-04-19,Poland,4/19/2022,2825463,19.4013,52.1224,55.46950578,26.4013,48.02154912,12.4013,0
362,Russian Federation_2022-04-19,Russian Federation,4/19/2022,549805,38.15560781,51.48885014,59.0670551,36.95829774,54.99876939,31.66952631,0
363,Hungary_2022-04-19,Hungary,4/19/2022,471080,19.4131,47.1672,54.1672,26.58888125,43.76006098,12.4131,0
364,Republic of Moldova_2022-04-19,Republic of Moldova,4/19/2022,426964,28.4646,47.1976,49.01963843,31.68530313,45.04427345,25.06811563,0
365,Romania_2022-04-19,Romania,4/19/2022,394555,25.3,45.8667,52.8667,32.3,38.8667,18.3,0
366,Slovakia_2022-04-19,Slovakia,4/19/2022,342813,19.4864,48.7062,55.7062,26.4864,41.7062,12.4864,0
367,Belarus_2022-04-19,Belarus,4/19/2022,23759,28.0463,53.5384,57.83893355,33.72794063,48.49689395,21.0463,0
354,Poland_2022-04-20,Poland,4/20/2022,2847540,19.4013,52.1224,55.46950578,26.4013,48.02154912,12.4013,0
355,Russian Federation_2022-04-20,Russian Federation,4/20/2022,563266,38.15560781,51.48885014,59.0670551,36.95829774,54.99876939,31.66952631,0
356,Hungary_2022-04-20,Hungary,4/20/2022,476213,19.4131,47.1672,54.1672,26.58888125,43.76006098,12.4131,0
357,Republic of Moldova_2022-04-20,Republic of Moldova,4/20/2022,428577,28.4646,47.1976,49.01963843,31.68530313,45.04427345,25.06811563,0
358,Romania_2022-04-20,Romania,4/20/2022,399689,25.3,45.8667,52.8667,32.3,38.8667,18.3,0
359,Slovakia_2022-04-20,Slovakia,4/20/2022,346175,19.4864,48.7062,55.7062,26.4864,41.7062,12.4864,0
360,Belarus_2022-04-20,Belarus,4/20/2022,23900,28.0463,53.5384,57.83893355,33.72794063,48.49689395,21.0463,0
342,Belarus_2022-04-21,Belarus,4/21/2022,24084,28.0463,53.5384,57.83893355,33.72794063,48.49689395,21.0463,0
348,Poland_2022-04-21,Poland,4/21/2022,2867241,19.4013,52.1224,55.46950578,26.4013,48.02154912,12.4013,0
349,Russian Federation_2022-04-21,Russian Federation,4/21/2022,578255,38.15560781,51.48885014,59.0670551,36.95829774,54.99876939,31.66952631,0
350,Hungary_2022-04-21,Hungary,4/21/2022,480974,19.4131,47.1672,54.1672,26.58888125,43.76006098,12.4131,0
351,Republic of Moldova_2022-04-21,Republic of Moldova,4/21/2022,430170,28.4646,47.1976,49.01963843,31.68530313,45.04427345,25.06811563,0
352,Romania_2022-04-21,Romania,4/21/2022,403921,25.3,45.8667,52.8667,32.3,38.8667,18.3,0
353,Slovakia_2022-04-21,Slovakia,4/21/2022,349286,19.4864,48.7062,55.7062,26.4864,41.7062,12.4864,0
343,Poland_2022-04-22,Poland,4/22/2022,2884764,19.4013,52.1224,55.46950578,26.4013,48.02154912,12.4013,0
344,Hungary_2022-04-22,Hungary,4/22/2022,485618,19.4131,47.1672,54.1672,26.58888125,43.76006098,12.4131,0
345,Republic of Moldova_2022-04-22,Republic of Moldova,4/22/2022,431468,28.4646,47.1976,49.01963843,31.68530313,45.04427345,25.06811563,0
346,Romania_2022-04-22,Romania,4/22/2022,407395,25.3,45.8667,52.8667,32.3,38.8667,18.3,0
347,Slovakia_2022-04-22,Slovakia,4/22/2022,352286,19.4864,48.7062,55.7062,26.4864,41.7062,12.4864,0
335,Romania_2022-04-23,Romania,4/23/2022,409843,25.3,45.8667,52.8667,32.3,38.8667,18.3,0
338,Poland_2022-04-23,Poland,4/23/2022,2899713,19.4013,52.1224,55.46950578,26.4013,48.02154912,12.4013,0
339,Hungary_2022-04-23,Hungary,4/23/2022,489754,19.4131,47.1672,54.1672,26.58888125,43.76006098,12.4131,0
340,Republic of Moldova_2022-04-23,Republic of Moldova,4/23/2022,433214,28.4646,47.1976,49.01963843,31.68530313,45.04427345,25.06811563,0
341,Slovakia_2022-04-23,Slovakia,4/23/2022,354329,19.4864,48.7062,55.7062,26.4864,41.7062,12.4864,0
331,Poland_2022-04-24,Poland,4/24/2022,2909415,19.4013,52.1224,55.46950578,26.4013,48.02154912,12.4013,0
332,Russian Federation_2022-04-24,Russian Federation,4/24/2022,605815,38.15560781,51.48885014,59.0670551,36.95829774,54.99876939,31.66952631,0
333,Hungary_2022-04-24,Hungary,4/24/2022,492976,19.4131,47.1672,54.1672,26.58888125,43.76006098,12.4131,0
334,Republic of Moldova_2022-04-24,Republic of Moldova,4/24/2022,433895,28.4646,47.1976,49.01963843,31.68530313,45.04427345,25.06811563,0
336,Slovakia_2022-04-24,Slovakia,4/24/2022,355593,19.4864,48.7062,55.7062,26.4864,41.7062,12.4864,0
337,Belarus_2022-04-24,Belarus,4/24/2022,24477,28.0463,53.5384,57.83893355,33.72794063,48.49689395,21.0463,0
324,Poland_2022-04-25,Poland,4/25/2022,2922978,19.4013,52.1224,55.46950578,26.4013,48.02154912,12.4013,0
325,Russian Federation_2022-04-25,Russian Federation,4/25/2022,614318,38.15560781,51.48885014,59.0670551,36.95829774,54.99876939,31.66952631,0
326,Hungary_2022-04-25,Hungary,4/25/2022,496914,19.4131,47.1672,54.1672,26.58888125,43.76006098,12.4131,0
327,Republic of Moldova_2022-04-25,Republic of Moldova,4/25/2022,435275,28.4646,47.1976,49.01963843,31.68530313,45.04427345,25.06811563,0
328,Romania_2022-04-25,Romania,4/25/2022,413144,25.3,45.8667,52.8667,32.3,38.8667,18.3,0
329,Slovakia_2022-04-25,Slovakia,4/25/2022,357560,19.4864,48.7062,55.7062,26.4864,41.7062,12.4864,0
330,Belarus_2022-04-25,Belarus,4/25/2022,24578,28.0463,53.5384,57.83893355,33.72794063,48.49689395,21.0463,0
317,Poland_2022-04-26,Poland,4/26/2022,2944164,19.4013,52.1224,55.46950578,26.4013,48.02154912,12.4013,0
318,Russian Federation_2022-04-26,Russian Federation,4/26/2022,627512,38.15560781,51.48885014,59.0670551,36.95829774,54.99876939,31.66952631,0
319,Hungary_2022-04-26,Hungary,4/26/2022,502142,19.4131,47.1672,54.1672,26.58888125,43.76006098,12.4131,0
320,Republic of Moldova_2022-04-26,Republic of Moldova,4/26/2022,437362,28.4646,47.1976,49.01963843,31.68530313,45.04427345,25.06811563,0
321,Romania_2022-04-26,Romania,4/26/2022,420862,25.3,45.8667,52.8667,32.3,38.8667,18.3,0
322,Slovakia_2022-04-26,Slovakia,4/26/2022,360458,19.4864,48.7062,55.7062,26.4864,41.7062,12.4864,0
323,Belarus_2022-04-26,Belarus,4/26/2022,24719,28.0463,53.5384,57.83893355,33.72794063,48.49689395,21.0463,0
310,Poland_2022-04-27,Poland,4/27/2022,2968716,19.4013,52.1224,55.46950578,26.4013,48.02154912,12.4013,0
311,Russian Federation_2022-04-27,Russian Federation,4/27/2022,641752,38.15560781,51.48885014,59.0670551,36.95829774,54.99876939,31.66952631,0
312,Hungary_2022-04-27,Hungary,4/27/2022,507849,19.4131,47.1672,54.1672,26.58888125,43.76006098,12.4131,0
313,Republic of Moldova_2022-04-27,Republic of Moldova,4/27/2022,439290,28.4646,47.1976,49.01963843,31.68530313,45.04427345,25.06811563,0
314,Romania_2022-04-27,Romania,4/27/2022,426450,25.3,45.8667,52.8667,32.3,38.8667,18.3,0
315,Slovakia_2022-04-27,Slovakia,4/27/2022,363940,19.4864,48.7062,55.7062,26.4864,41.7062,12.4864,0
316,Belarus_2022-04-27,Belarus,4/27/2022,24857,28.0463,53.5384,57.83893355,33.72794063,48.49689395,21.0463,0
303,Poland_2022-04-28,Poland,4/28/2022,2992575,19.4013,52.1224,55.46950578,26.4013,48.02154912,12.4013,0
304,Russian Federation_2022-04-28,Russian Federation,4/28/2022,656381,38.15560781,51.48885014,59.0670551,36.95829774,54.99876939,31.66952631,0
305,Hungary_2022-04-28,Hungary,4/28/2022,513848,19.4131,47.1672,54.1672,26.58888125,43.76006098,12.4131,0
306,Republic of Moldova_2022-04-28,Republic of Moldova,4/28/2022,441437,28.4646,47.1976,49.01963843,31.68530313,45.04427345,25.06811563,0
307,Romania_2022-04-28,Romania,4/28/2022,432592,25.3,45.8667,52.8667,32.3,38.8667,18.3,0
308,Slovakia_2022-04-28,Slovakia,4/28/2022,367904,19.4864,48.7062,55.7062,26.4864,41.7062,12.4864,0
309,Belarus_2022-04-28,Belarus,4/28/2022,25002,28.0463,53.5384,57.83893355,33.72794063,48.49689395,21.0463,0
298,Poland_2022-04-29,Poland,4/29/2022,3014157,19.4013,52.1224,55.46950578,26.4013,48.02154912,12.4013,0
299,Hungary_2022-04-29,Hungary,4/29/2022,519979,19.4131,47.1672,54.1672,26.58888125,43.76006098,12.4131,0
300,Republic of Moldova_2022-04-29,Republic of Moldova,4/29/2022,443559,28.4646,47.1976,49.01963843,31.68530313,45.04427345,25.06811563,0
301,Romania_2022-04-29,Romania,4/29/2022,437633,25.3,45.8667,52.8667,32.3,38.8667,18.3,0
302,Slovakia_2022-04-29,Slovakia,4/29/2022,371918,19.4864,48.7062,55.7062,26.4864,41.7062,12.4864,0
293,Russian Federation_2022-04-30,Russian Federation,4/30/2022,681156,38.15560781,51.48885014,59.0670551,36.95829774,54.99876939,31.66952631,0
296,Romania_2022-04-30,Romania,4/30/2022,443767,25.3,45.8667,52.8667,32.3,38.8667,18.3,0
292,Poland_2022-05-01,Poland,5/1/2022,3056826,19.4013,52.1224,55.46950578,26.4013,48.02154912,12.4013,0
294,Hungary_2022-05-01,Hungary,5/1/2022,530157,19.4131,47.1672,54.1672,26.58888125,43.76006098,12.4131,0
295,Republic of Moldova_2022-05-01,Republic of Moldova,5/1/2022,447604,28.4646,47.1976,49.01963843,31.68530313,45.04427345,25.06811563,0
297,Slovakia_2022-05-01,Slovakia,5/1/2022,379447,19.4864,48.7062,55.7062,26.4864,41.7062,12.4864,0
287,Poland_2022-05-02,Poland,5/2/2022,3075240,19.4013,52.1224,55.46950578,26.4013,48.02154912,12.4013,0
288,Hungary_2022-05-02,Hungary,5/2/2022,539821,19.4131,47.1672,54.1672,26.58888125,43.76006098,12.4131,0
289,Romania_2022-05-02,Romania,5/2/2022,451070,25.3,45.8667,52.8667,32.3,38.8667,18.3,0
290,Republic of Moldova_2022-05-02,Republic of Moldova,5/2/2022,448170,28.4646,47.1976,49.01963843,31.68530313,45.04427345,25.06811563,0
291,Slovakia_2022-05-02,Slovakia,5/2/2022,382024,19.4864,48.7062,55.7062,26.4864,41.7062,12.4864,0
281,Poland_2022-05-03,Poland,5/3/2022,3094446,19.4013,52.1224,55.46950578,26.4013,48.02154912,12.4013,0
282,Russian Federation_2022-05-03,Russian Federation,5/3/2022,703523,38.15560781,51.48885014,59.0670551,36.95829774,54.99876939,31.66952631,0
283,Romania_2022-05-03,Romania,5/3/2022,458654,25.3,45.8667,52.8667,32.3,38.8667,18.3,0
284,Republic of Moldova_2022-05-03,Republic of Moldova,5/3/2022,449605,28.4646,47.1976,49.01963843,31.68530313,45.04427345,25.06811563,0
285,Slovakia_2022-05-03,Slovakia,5/3/2022,385284,19.4864,48.7062,55.7062,26.4864,41.7062,12.4864,0
286,Belarus_2022-05-03,Belarus,5/3/2022,25852,28.0463,53.5384,57.83893355,33.72794063,48.49689395,21.0463,0
275,Poland_2022-05-04,Poland,5/4/2022,3119196,19.4013,52.1224,55.46950578,26.4013,48.02154912,12.4013,0
276,Russian Federation_2022-05-04,Russian Federation,5/4/2022,714713,38.15560781,51.48885014,59.0670551,36.95829774,54.99876939,31.66952631,0
277,Hungary_2022-05-04,Hungary,5/4/2022,545311,19.4131,47.1672,54.1672,26.58888125,43.76006098,12.4131,0
278,Romania_2022-05-04,Romania,5/4/2022,463816,25.3,45.8667,52.8667,32.3,38.8667,18.3,0
279,Republic of Moldova_2022-05-04,Republic of Moldova,5/4/2022,450797,28.4646,47.1976,49.01963843,31.68530313,45.04427345,25.06811563,0
280,Slovakia_2022-05-04,Slovakia,5/4/2022,388282,19.4864,48.7062,55.7062,26.4864,41.7062,12.4864,0
268,Poland_2022-05-05,Poland,5/5/2022,3143550,19.4013,52.1224,55.46950578,26.4013,48.02154912,12.4013,0
269,Russian Federation_2022-05-05,Russian Federation,5/5/2022,727712,38.15560781,51.48885014,59.0670551,36.95829774,54.99876939,31.66952631,0
270,Hungary_2022-05-05,Hungary,5/5/2022,551010,19.4131,47.1672,54.1672,26.58888125,43.76006098,12.4131,0
271,Romania_2022-05-05,Romania,5/5/2022,465217,25.3,45.8667,52.8667,32.3,38.8667,18.3,0
272,Republic of Moldova_2022-05-05,Republic of Moldova,5/5/2022,452038,28.4646,47.1976,49.01963843,31.68530313,45.04427345,25.06811563,0
273,Slovakia_2022-05-05,Slovakia,5/5/2022,391592,19.4864,48.7062,55.7062,26.4864,41.7062,12.4864,0
274,Belarus_2022-05-05,Belarus,5/5/2022,26149,28.0463,53.5384,57.83893355,33.72794063,48.49689395,21.0463,0
263,Poland_2022-05-06,Poland,5/6/2022,3167805,19.4013,52.1224,55.46950578,26.4013,48.02154912,12.4013,0
264,Russian Federation_2022-05-06,Russian Federation,5/6/2022,739418,38.15560781,51.48885014,59.0670551,36.95829774,54.99876939,31.66952631,0
265,Hungary_2022-05-06,Hungary,5/6/2022,557001,19.4131,47.1672,54.1672,26.58888125,43.76006098,12.4131,0
266,Republic of Moldova_2022-05-06,Republic of Moldova,5/6/2022,453848,28.4646,47.1976,49.01963843,31.68530313,45.04427345,25.06811563,0
267,Belarus_2022-05-06,Belarus,5/6/2022,26278,28.0463,53.5384,57.83893355,33.72794063,48.49689395,21.0463,0
258,Poland_2022-05-08,Poland,5/8/2022,3217206,19.4013,52.1224,55.46950578,26.4013,48.02154912,12.4013,0
259,Hungary_2022-05-08,Hungary,5/8/2022,568630,19.4131,47.1672,54.1672,26.58888125,43.76006098,12.4131,0
260,Romania_2022-05-08,Romania,5/8/2022,480064,25.3,45.8667,52.8667,32.3,38.8667,18.3,0
261,Republic of Moldova_2022-05-08,Republic of Moldova,5/8/2022,456947,28.4646,47.1976,49.01963843,31.68530313,45.04427345,25.06811563,0
262,Slovakia_2022-05-08,Slovakia,5/8/2022,402332,19.4864,48.7062,55.7062,26.4864,41.7062,12.4864,0
252,Poland_2022-05-09,Poland,5/9/2022,3234036,19.4013,52.1224,55.46950578,26.4013,48.02154912,12.4013,0
253,Hungary_2022-05-09,Hungary,5/9/2022,572760,19.4131,47.1672,54.1672,26.58888125,43.76006098,12.4131,0
254,Romania_2022-05-09,Romania,5/9/2022,482975,25.3,45.8667,52.8667,32.3,38.8667,18.3,0
255,Republic of Moldova_2022-05-09,Republic of Moldova,5/9/2022,457066,28.4646,47.1976,49.01963843,31.68530313,45.04427345,25.06811563,0
256,Slovakia_2022-05-09,Slovakia,5/9/2022,404463,19.4864,48.7062,55.7062,26.4864,41.7062,12.4864,0
257,Belarus_2022-05-09,Belarus,5/9/2022,26985,28.0463,53.5384,57.83893355,33.72794063,48.49689395,21.0463,0
245,Russian Federation_2022-05-10,Russian Federation,5/10/2022,772121,38.15560781,51.48885014,59.0670551,36.95829774,54.99876939,31.66952631,0
246,Slovakia_2022-05-10,Slovakia,5/10/2022,406833,19.4864,48.7062,55.7062,26.4864,41.7062,12.4864,0
247,Poland_2022-05-10,Poland,5/10/2022,3251955,19.4013,52.1224,55.46950578,26.4013,48.02154912,12.4013,0
248,Hungary_2022-05-10,Hungary,5/10/2022,577820,19.4131,47.1672,54.1672,26.58888125,43.76006098,12.4131,0
249,Romania_2022-05-10,Romania,5/10/2022,487279,25.3,45.8667,52.8667,32.3,38.8667,18.3,0
250,Republic of Moldova_2022-05-10,Republic of Moldova,5/10/2022,458242,28.4646,47.1976,49.01963843,31.68530313,45.04427345,25.06811563,0
251,Belarus_2022-05-10,Belarus,5/10/2022,27108,28.0463,53.5384,57.83893355,33.72794063,48.49689395,21.0463,0
238,Poland_2022-05-11,Poland,5/11/2022,3272943,19.4013,52.1224,55.46950578,26.4013,48.02154912,12.4013,0
239,Russian Federation_2022-05-11,Russian Federation,5/11/2022,785348,38.15560781,51.48885014,59.0670551,36.95829774,54.99876939,31.66952631,0
240,Hungary_2022-05-11,Hungary,5/11/2022,583066,19.4131,47.1672,54.1672,26.58888125,43.76006098,12.4131,0
241,Romania_2022-05-11,Romania,5/11/2022,491967,25.3,45.8667,52.8667,32.3,38.8667,18.3,0
242,Republic of Moldova_2022-05-11,Republic of Moldova,5/11/2022,459546,28.4646,47.1976,49.01963843,31.68530313,45.04427345,25.06811563,0
243,Slovakia_2022-05-11,Slovakia,5/11/2022,409527,19.4864,48.7062,55.7062,26.4864,41.7062,12.4864,0
244,Belarus_2022-05-11,Belarus,5/11/2022,27308,28.0463,53.5384,57.83893355,33.72794063,48.49689395,21.0463,0
231,Poland_2022-05-12,Poland,5/12/2022,3294723,19.4013,52.1224,55.46950578,26.4013,48.02154912,12.4013,0
232,Russian Federation_2022-05-12,Russian Federation,5/12/2022,800104,38.15560781,51.48885014,59.0670551,36.95829774,54.99876939,31.66952631,0
233,Hungary_2022-05-12,Hungary,5/12/2022,588736,19.4131,47.1672,54.1672,26.58888125,43.76006098,12.4131,0
234,Romania_2022-05-12,Romania,5/12/2022,496241,25.3,45.8667,52.8667,32.3,38.8667,18.3,0
235,Republic of Moldova_2022-05-12,Republic of Moldova,5/12/2022,460782,28.4646,47.1976,49.01963843,31.68530313,45.04427345,25.06811563,0
236,Slovakia_2022-05-12,Slovakia,5/12/2022,412345,19.4864,48.7062,55.7062,26.4864,41.7062,12.4864,0
237,Belarus_2022-05-12,Belarus,5/12/2022,27308,28.0463,53.5384,57.83893355,33.72794063,48.49689395,21.0463,0
227,Poland_2022-05-13,Poland,5/13/2022,3315711,19.4013,52.1224,55.46950578,26.4013,48.02154912,12.4013,0
228,Hungary_2022-05-13,Hungary,5/13/2022,594664,19.4131,47.1672,54.1672,26.58888125,43.76006098,12.4131,0
229,Republic of Moldova_2022-05-13,Republic of Moldova,5/13/2022,461742,28.4646,47.1976,49.01963843,31.68530313,45.04427345,25.06811563,0
230,Slovakia_2022-05-13,Slovakia,5/13/2022,415402,19.4864,48.7062,55.7062,26.4864,41.7062,12.4864,0
221,Poland_2022-05-15,Poland,5/15/2022,3357984,19.4013,52.1224,55.46950578,26.4013,48.02154912,12.4013,0
222,Russian Federation_2022-05-15,Russian Federation,5/15/2022,838434,38.15560781,51.48885014,59.0670551,36.95829774,54.99876939,31.66952631,0
223,Hungary_2022-05-15,Hungary,5/15/2022,605628,19.4131,47.1672,54.1672,26.58888125,43.76006098,12.4131,0
224,Romania_2022-05-15,Romania,5/15/2022,509457,25.3,45.8667,52.8667,32.3,38.8667,18.3,0
225,Republic of Moldova_2022-05-15,Republic of Moldova,5/15/2022,463348,28.4646,47.1976,49.01963843,31.68530313,45.04427345,25.06811563,0
226,Slovakia_2022-05-15,Slovakia,5/15/2022,421662,19.4864,48.7062,55.7062,26.4864,41.7062,12.4864,0
215,Poland_2022-05-16,Poland,5/16/2022,3376992,19.4013,52.1224,55.46950578,26.4013,48.02154912,12.4013,0
216,Russian Federation_2022-05-16,Russian Federation,5/16/2022,850534,38.15560781,51.48885014,59.0670551,36.95829774,54.99876939,31.66952631,0
217,Hungary_2022-05-16,Hungary,5/16/2022,610076,19.4131,47.1672,54.1672,26.58888125,43.76006098,12.4131,0
218,Romania_2022-05-16,Romania,5/16/2022,513613,25.3,45.8667,52.8667,32.3,38.8667,18.3,0
219,Republic of Moldova_2022-05-16,Republic of Moldova,5/16/2022,464294,28.4646,47.1976,49.01963843,31.68530313,45.04427345,25.06811563,0
220,Slovakia_2022-05-16,Slovakia,5/16/2022,424027,19.4864,48.7062,55.7062,26.4864,41.7062,12.4864,0
209,Russian Federation_2022-05-17,Russian Federation,5/17/2022,863086,38.15560781,51.48885014,59.0670551,36.95829774,54.99876939,31.66952631,0
210,Poland_2022-05-17,Poland,5/17/2022,3396792,19.4013,52.1224,55.46950578,26.4013,48.02154912,12.4013,0
211,Hungary_2022-05-17,Hungary,5/17/2022,615256,19.4131,47.1672,54.1672,26.58888125,43.76006098,12.4131,0
212,Romania_2022-05-17,Romania,5/17/2022,517773,25.3,45.8667,52.8667,32.3,38.8667,18.3,0
213,Republic of Moldova_2022-05-17,Republic of Moldova,5/17/2022,465435,28.4646,47.1976,49.01963843,31.68530313,45.04427345,25.06811563,0
214,Slovakia_2022-05-17,Slovakia,5/17/2022,426605,19.4864,48.7062,55.7062,26.4864,41.7062,12.4864,0
203,Poland_2022-05-18,Poland,5/18/2022,3418077,19.4013,52.1224,55.46950578,26.4013,48.02154912,12.4013,0
204,Russian Federation_2022-05-18,Russian Federation,5/18/2022,875597,38.15560781,51.48885014,59.0670551,36.95829774,54.99876939,31.66952631,0
205,Hungary_2022-05-18,Hungary,5/18/2022,620846,19.4131,47.1672,54.1672,26.58888125,43.76006098,12.4131,0
206,Romania_2022-05-18,Romania,5/18/2022,523177,25.3,45.8667,52.8667,32.3,38.8667,18.3,0
207,Republic of Moldova_2022-05-18,Republic of Moldova,5/18/2022,466406,28.4646,47.1976,49.01963843,31.68530313,45.04427345,25.06811563,0
208,Slovakia_2022-05-18,Slovakia,5/18/2022,429705,19.4864,48.7062,55.7062,26.4864,41.7062,12.4864,0
197,Poland_2022-05-19,Poland,5/19/2022,3439857,19.4013,52.1224,55.46950578,26.4013,48.02154912,12.4013,0
198,Russian Federation_2022-05-19,Russian Federation,5/19/2022,887651,38.15560781,51.48885014,59.0670551,36.95829774,54.99876939,31.66952631,0
199,Hungary_2022-05-19,Hungary,5/19/2022,626548,19.4131,47.1672,54.1672,26.58888125,43.76006098,12.4131,0
200,Romania_2022-05-19,Romania,5/19/2022,527853,25.3,45.8667,52.8667,32.3,38.8667,18.3,0
201,Republic of Moldova_2022-05-19,Republic of Moldova,5/19/2022,467636,28.4646,47.1976,49.01963843,31.68530313,45.04427345,25.06811563,0
202,Slovakia_2022-05-19,Slovakia,5/19/2022,432502,19.4864,48.7062,55.7062,26.4864,41.7062,12.4864,0
193,Poland_2022-05-20,Poland,5/20/2022,3463320,19.4013,52.1224,55.46950578,26.4013,48.02154912,12.4013,0
194,Hungary_2022-05-20,Hungary,5/20/2022,633219,19.4131,47.1672,54.1672,26.58888125,43.76006098,12.4131,0
195,Republic of Moldova_2022-05-20,Republic of Moldova,5/20/2022,468998,28.4646,47.1976,49.01963843,31.68530313,45.04427345,25.06811563,0
196,Slovakia_2022-05-20,Slovakia,5/20/2022,435660,19.4864,48.7062,55.7062,26.4864,41.7062,12.4864,0
187,Poland_2022-05-22,Poland,5/22/2022,3505890,19.4013,52.1224,55.46950578,26.4013,48.02154912,12.4013,0
188,Russian Federation_2022-05-22,Russian Federation,5/22/2022,919934,38.15560781,51.48885014,59.0670551,36.95829774,54.99876939,31.66952631,0
189,Hungary_2022-05-22,Hungary,5/22/2022,644474,19.4131,47.1672,54.1672,26.58888125,43.76006098,12.4131,0
190,Romania_2022-05-22,Romania,5/22/2022,541826,25.3,45.8667,52.8667,32.3,38.8667,18.3,0
191,Republic of Moldova_2022-05-22,Republic of Moldova,5/22/2022,471223,28.4646,47.1976,49.01963843,31.68530313,45.04427345,25.06811563,0
192,Slovakia_2022-05-22,Slovakia,5/22/2022,442316,19.4864,48.7062,55.7062,26.4864,41.7062,12.4864,0
181,Poland_2022-05-23,Poland,5/23/2022,3524205,19.4013,52.1224,55.46950578,26.4013,48.02154912,12.4013,0
182,Russian Federation_2022-05-23,Russian Federation,5/23/2022,932220,38.15560781,51.48885014,59.0670551,36.95829774,54.99876939,31.66952631,0
183,Hungary_2022-05-23,Hungary,5/23/2022,649352,19.4131,47.1672,54.1672,26.58888125,43.76006098,12.4131,0
184,Romania_2022-05-23,Romania,5/23/2022,545845,25.3,45.8667,52.8667,32.3,38.8667,18.3,0
185,Republic of Moldova_2022-05-23,Republic of Moldova,5/23/2022,472377,28.4646,47.1976,49.01963843,31.68530313,45.04427345,25.06811563,0
186,Slovakia_2022-05-23,Slovakia,5/23/2022,444368,19.4864,48.7062,55.7062,26.4864,41.7062,12.4864,0
175,Poland_2022-05-24,Poland,5/24/2022,3544995,19.4013,52.1224,55.46950578,26.4013,48.02154912,12.4013,0
176,Russian Federation_2022-05-24,Russian Federation,5/24/2022,945007,38.15560781,51.48885014,59.0670551,36.95829774,54.99876939,31.66952631,0
177,Hungary_2022-05-24,Hungary,5/24/2022,654664,19.4131,47.1672,54.1672,26.58888125,43.76006098,12.4131,0
178,Romania_2022-05-24,Romania,5/24/2022,550240,25.3,45.8667,52.8667,32.3,38.8667,18.3,0
179,Republic of Moldova_2022-05-24,Republic of Moldova,5/24/2022,473690,28.4646,47.1976,49.01963843,31.68530313,45.04427345,25.06811563,0
180,Slovakia_2022-05-24,Slovakia,5/24/2022,446755,19.4864,48.7062,55.7062,26.4864,41.7062,12.4864,0
169,Russian Federation_2022-05-25,Russian Federation,5/25/2022,958060,38.15560781,51.48885014,59.0670551,36.95829774,54.99876939,31.66952631,0
170,Hungary_2022-05-25,Hungary,5/25/2022,660192,19.4131,47.1672,54.1672,26.58888125,43.76006098,12.4131,0
171,Romania_2022-05-25,Romania,5/25/2022,554906,25.3,45.8667,52.8667,32.3,38.8667,18.3,0
172,Republic of Moldova_2022-05-25,Republic of Moldova,5/25/2022,475011,28.4646,47.1976,49.01963843,31.68530313,45.04427345,25.06811563,0
173,Slovakia_2022-05-25,Slovakia,5/25/2022,449509,19.4864,48.7062,55.7062,26.4864,41.7062,12.4864,0
174,Belarus_2022-05-25,Belarus,5/25/2022,16547,28.0463,53.5384,57.83893355,33.72794063,48.49689395,21.0463,0
162,Poland_2022-05-26,Poland,5/26/2022,3559394,19.4013,52.1224,55.46950578,26.4013,48.02154912,12.4013,0
163,Russian Federation_2022-05-26,Russian Federation,5/26/2022,971417,38.15560781,51.48885014,59.0670551,36.95829774,54.99876939,31.66952631,0
164,Hungary_2022-05-26,Hungary,5/26/2022,665533,19.4131,47.1672,54.1672,26.58888125,43.76006098,12.4131,0
165,Romania_2022-05-26,Romania,5/26/2022,559378,25.3,45.8667,52.8667,32.3,38.8667,18.3,0
166,Republic of Moldova_2022-05-26,Republic of Moldova,5/26/2022,476290,28.4646,47.1976,49.01963843,31.68530313,45.04427345,25.06811563,0
167,Slovakia_2022-05-26,Slovakia,5/26/2022,451850,19.4864,48.7062,55.7062,26.4864,41.7062,12.4864,0
168,Belarus_2022-05-26,Belarus,5/26/2022,16549,28.0463,53.5384,57.83893355,33.72794063,48.49689395,21.0463,0
157,Poland_2022-05-27,Poland,5/27/2022,3581612,19.4013,52.1224,55.46950578,26.4013,48.02154912,12.4013,0
158,Hungary_2022-05-27,Hungary,5/27/2022,671463,19.4131,47.1672,54.1672,26.58888125,43.76006098,12.4131,0
159,Romania_2022-05-27,Romania,5/27/2022,563569,25.3,45.8667,52.8667,32.3,38.8667,18.3,0
160,Republic of Moldova_2022-05-27,Republic of Moldova,5/27/2022,477637,28.4646,47.1976,49.01963843,31.68530313,45.04427345,25.06811563,0
161,Slovakia_2022-05-27,Slovakia,5/27/2022,454961,19.4864,48.7062,55.7062,26.4864,41.7062,12.4864,0
152,Poland_2022-05-29,Poland,5/29/2022,3627178,19.4013,52.1224,55.46950578,26.4013,48.02154912,12.4013,0
153,Hungary_2022-05-29,Hungary,5/29/2022,682594,19.4131,47.1672,54.1672,26.58888125,43.76006098,12.4131,0
154,Republic of Moldova_2022-05-29,Republic of Moldova,5/29/2022,479513,28.4646,47.1976,49.01963843,31.68530313,45.04427345,25.06811563,0
155,Slovakia_2022-05-29,Slovakia,5/29/2022,461164,19.4864,48.7062,55.7062,26.4864,41.7062,12.4864,0
156,Belarus_2022-05-29,Belarus,5/29/2022,16552,28.0463,53.5384,57.83893355,33.72794063,48.49689395,21.0463,0
150,Slovakia_2022-05-31,Slovakia,5/31/2022,466264,19.4864,48.7062,55.7062,26.4864,41.7062,12.4864,"UNHCR, Government"
145,Poland_2022-06-01,Poland,6/1/2022,3690089,19.4013,52.1224,55.46950578,26.4013,48.02154912,12.4013,"UNHCR, Government"
146,Russian Federation_2022-06-01,Russian Federation,6/1/2022,1041095,38.15560781,51.48885014,55.99145645,40.35573304,51.72774216,34.81290446,"UNHCR, Government"
147,Hungary_2022-06-01,Hungary,6/1/2022,698420,19.4131,47.1672,54.1672,26.58888125,43.76006098,12.4131,"UNHCR, Government"
148,Romania_2022-06-01,Romania,6/1/2022,587219,25.3,45.8667,52.8667,32.3,38.8667,18.3,"UNHCR, Government"
149,Republic of Moldova_2022-06-01,Republic of Moldova,6/1/2022,483306,28.4646,47.1976,49.01963843,31.68530313,45.04427345,25.06811563,"UNHCR, Government"
151,Belarus_2022-06-01,Belarus,6/1/2022,16648,28.0463,53.5384,57.83893355,33.72794063,48.49689395,21.0463,"UNHCR, Government"
138,Poland_2022-06-07,Poland,6/7/2022,3817564,19.4013,52.1224,55.46950578,26.4013,48.02154912,12.4013,"UNHCR, Government"
139,Russian Federation_2022-06-07,Russian Federation,6/7/2022,1116387,38.15560781,51.48885014,55.99145645,40.35573304,51.72774216,34.81290446,"UNHCR, Government"
140,Hungary_2022-06-07,Hungary,6/7/2022,731098,19.4131,47.1672,54.1672,26.58888125,43.76006098,12.4131,"UNHCR, Government"
141,Romania_2022-06-07,Romania,6/7/2022,613435,25.3,45.8667,52.8667,32.3,38.8667,18.3,"UNHCR, Government"
142,Republic of Moldova_2022-06-07,Republic of Moldova,6/7/2022,491144,28.4646,47.1976,49.01963843,31.68530313,45.04427345,25.06811563,"UNHCR, Government"
143,Slovakia_2022-06-07,Slovakia,6/7/2022,484661,19.4864,48.7062,55.7062,26.4864,41.7062,12.4864,"UNHCR, Government"
144,Belarus_2022-06-07,Belarus,6/7/2022,16650,28.0463,53.5384,57.83893355,33.72794063,48.49689395,21.0463,"UNHCR, Government"
136,Slovakia_2022-06-08,Slovakia,6/8/2022,487153,19.4864,48.7062,55.7062,26.4864,41.7062,12.4864,"UNHCR, Government"
137,Belarus_2022-06-08,Belarus,6/8/2022,16650,28.0463,53.5384,57.83893355,33.72794063,48.49689395,21.0463,"UNHCR, Government"
131,Poland_2022-06-09,Poland,6/9/2022,3864723,19.4013,52.1224,55.46950578,26.4013,48.02154912,12.4013,"UNHCR, Government"
132,Russian Federation_2022-06-09,Russian Federation,6/9/2022,1136243,38.15560781,51.48885014,55.99145645,40.35573304,51.72774216,34.81290446,"UNHCR, Government"
133,Hungary_2022-06-09,Hungary,6/9/2022,741504,19.4131,47.1672,54.1672,26.58888125,43.76006098,12.4131,"UNHCR, Government"
134,Romania_2022-06-09,Romania,6/9/2022,622929,25.3,45.8667,52.8667,32.3,38.8667,18.3,"UNHCR, Government"
135,Republic of Moldova_2022-06-09,Republic of Moldova,6/9/2022,494421,28.4646,47.1976,49.01963843,31.68530313,45.04427345,25.06811563,"UNHCR, Government"
123,Russian Federation_2022-06-13,Russian Federation,6/13/2022,1188807,38.15560781,51.48885014,55.99145645,40.35573304,51.72774216,34.81290446,"UNHCR, Government"
125,Poland_2022-06-13,Poland,6/13/2022,3954957,19.4013,52.1224,55.46950578,26.4013,48.02154912,12.4013,"UNHCR, Government"
126,Hungary_2022-06-13,Hungary,6/13/2022,764216,19.4131,47.1672,54.1672,26.58888125,43.76006098,12.4131,"UNHCR, Government"
127,Romania_2022-06-13,Romania,6/13/2022,642159,25.3,45.8667,52.8667,32.3,38.8667,18.3,"UNHCR, Government"
128,Slovakia_2022-06-13,Slovakia,6/13/2022,501335,19.4864,48.7062,55.7062,26.4864,41.7062,12.4864,"UNHCR, Government"
129,Republic of Moldova_2022-06-13,Republic of Moldova,6/13/2022,498896,28.4646,47.1976,49.01963843,31.68530313,45.04427345,25.06811563,"UNHCR, Government"
130,Belarus_2022-06-13,Belarus,6/13/2022,16654,28.0463,53.5384,57.83893355,33.72794063,48.49689395,21.0463,"UNHCR, Government"
124,Belarus_2022-06-14,Belarus,6/14/2022,16654,28.0463,53.5384,57.83893355,33.72794063,48.49689395,21.0463,"UNHCR, Government"
116,Poland_2022-06-15,Poland,6/15/2022,4001921,19.4013,52.1224,55.46950578,26.4013,48.02154912,12.4013,"UNHCR, Government"
122,Belarus_2022-06-15,Belarus,6/15/2022,16655,28.0463,53.5384,57.83893355,33.72794063,48.49689395,21.0463,"UNHCR, Government"
117,Russian Federation_2022-06-16,Russian Federation,6/16/2022,1230800,38.15560781,51.48885014,55.99145645,40.35573304,51.72774216,34.81290446,"UNHCR, Government"
118,Hungary_2022-06-16,Hungary,6/16/2022,782742,19.4131,47.1672,54.1672,26.58888125,43.76006098,12.4131,"UNHCR, Government"
119,Romania_2022-06-16,Romania,6/16/2022,659009,25.3,45.8667,52.8667,32.3,38.8667,18.3,"UNHCR, Government"
120,Slovakia_2022-06-16,Slovakia,6/16/2022,510014,19.4864,48.7062,55.7062,26.4864,41.7062,12.4864,"UNHCR, Government"
121,Republic of Moldova_2022-06-16,Republic of Moldova,6/16/2022,502716,28.4646,47.1976,49.01963843,31.68530313,45.04427345,25.06811563,"UNHCR, Government"
115,Belarus_2022-06-20,Belarus,6/20/2022,16660,28.0463,53.5384,57.83893355,33.72794063,48.49689395,21.0463,"UNHCR, Government"
109,Poland_2022-06-21,Poland,6/21/2022,4146144,19.4013,52.1224,55.46950578,26.4013,48.02154912,12.4013,"UNHCR, Government"
110,Russian Federation_2022-06-21,Russian Federation,6/21/2022,1305018,38.15560781,51.48885014,55.99145645,40.35573304,51.72774216,34.81290446,"UNHCR, Government"
111,Hungary_2022-06-21,Hungary,6/21/2022,814607,19.4131,47.1672,54.1672,26.58888125,43.76006098,12.4131,"UNHCR, Government"
112,Romania_2022-06-21,Romania,6/21/2022,691413,25.3,45.8667,52.8667,32.3,38.8667,18.3,"UNHCR, Government"
113,Slovakia_2022-06-21,Slovakia,6/21/2022,525620,19.4864,48.7062,55.7062,26.4864,41.7062,12.4864,"UNHCR, Government"
114,Republic of Moldova_2022-06-21,Republic of Moldova,6/21/2022,507552,28.4646,47.1976,49.01963843,31.68530313,45.04427345,25.06811563,"UNHCR, Government"
105,Romania_2022-06-27,Romania,6/27/2022,736083,25.3,45.8667,52.8667,32.3,38.8667,18.3,"UNHCR, Government"
102,Poland_2022-06-28,Poland,6/28/2022,4312612,19.4013,52.1224,55.46950578,26.4013,48.02154912,12.4013,"UNHCR, Government"
103,Russian Federation_2022-06-28,Russian Federation,6/28/2022,1412429,38.15560781,51.48885014,55.99145645,40.35573304,51.72774216,34.81290446,"UNHCR, Government"
104,Hungary_2022-06-28,Hungary,6/28/2022,860908,19.4131,47.1672,54.1672,26.58888125,43.76006098,12.4131,"UNHCR, Government"
106,Slovakia_2022-06-28,Slovakia,6/28/2022,548210,19.4864,48.7062,55.7062,26.4864,41.7062,12.4864,"UNHCR, Government"
107,Republic of Moldova_2022-06-28,Republic of Moldova,6/28/2022,515432,28.4646,47.1976,49.01963843,31.68530313,45.04427345,25.06811563,"UNHCR, Government"
108,Belarus_2022-06-28,Belarus,6/28/2022,16662,28.0463,53.5384,57.83893355,33.72794063,48.49689395,21.0463,"UNHCR, Government"
98,Romania_2022-07-04,Romania,7/4/2022,781288,25.3,45.8667,52.8667,32.3,38.8667,18.3,"UNHCR, Government"
101,Belarus_2022-07-04,Belarus,7/4/2022,16668,28.0463,53.5384,57.83893355,33.72794063,48.49689395,21.0463,"UNHCR, Government"
94,Romania_2022-07-05,Romania,7/5/2022,786839,25.3,45.8667,52.8667,32.3,38.8667,18.3,"UNHCR, Government"
95,Poland_2022-07-05,Poland,7/5/2022,4472349,19.4013,52.1224,55.46950578,26.4013,48.02154912,12.4013,"UNHCR, Government"
96,Russian Federation_2022-07-05,Russian Federation,7/5/2022,1518394,38.15560781,51.48885014,55.99145645,40.35573304,51.72774216,34.81290446,"UNHCR, Government"
97,Hungary_2022-07-05,Hungary,7/5/2022,905104,19.4131,47.1672,54.1672,26.58888125,43.76006098,12.4131,"UNHCR, Government"
99,Slovakia_2022-07-05,Slovakia,7/5/2022,569702,19.4864,48.7062,55.7062,26.4864,41.7062,12.4864,"UNHCR, Government"
100,Republic of Moldova_2022-07-05,Republic of Moldova,7/5/2022,523707,28.4646,47.1976,49.01963843,31.68530313,45.04427345,25.06811563,"UNHCR, Government"
87,Poland_2022-07-11,Poland,7/11/2022,4608154,19.4013,52.1224,55.46950578,26.4013,48.02154912,12.4013,"UNHCR, Government"
86,Poland_2022-07-12,Poland,7/12/2022,4627610,19.4013,52.1224,55.46950578,26.4013,48.02154912,12.4013,"UNHCR, Government"
88,Russian Federation_2022-07-12,Russian Federation,7/12/2022,1625231,38.15560781,51.48885014,55.99145645,40.35573304,51.72774216,34.81290446,"UNHCR, Government"
89,Romania_2022-07-12,Romania,7/12/2022,831957,25.3,45.8667,52.8667,32.3,38.8667,18.3,"UNHCR, Government"
90,Slovakia_2022-07-12,Slovakia,7/12/2022,589147,19.4864,48.7062,55.7062,26.4864,41.7062,12.4864,"UNHCR, Government"
91,Hungary_2022-07-12,Hungary,7/12/2022,949664,19.4131,47.1672,54.1672,26.58888125,43.76006098,12.4131,"UNHCR, Government"
92,Republic of Moldova_2022-07-12,Republic of Moldova,7/12/2022,531869,28.4646,47.1976,49.01963843,31.68530313,45.04427345,25.06811563,"UNHCR, Government"
93,Belarus_2022-07-12,Belarus,7/12/2022,16675,28.0463,53.5384,57.83893355,33.72794063,48.49689395,21.0463,"UNHCR, Government"
80,Russian Federation_2022-07-18,Russian Federation,7/18/2022,1728407,38.15560781,51.48885014,55.99145645,40.35573304,51.72774216,34.81290446,"UNHCR, Government"
82,Romania_2022-07-18,Romania,7/18/2022,870241,25.3,45.8667,52.8667,32.3,38.8667,18.3,"UNHCR, Government"
84,Republic of Moldova_2022-07-18,Republic of Moldova,7/18/2022,539652,28.4646,47.1976,49.01963843,31.68530313,45.04427345,25.06811563,"UNHCR, Government"
77,Russian Federation_2022-07-19,Russian Federation,7/19/2022,1745800,38.15560781,51.48885014,55.99145645,40.35573304,51.72774216,34.81290446,"UNHCR, Government"
78,Republic of Moldova_2022-07-19,Republic of Moldova,7/19/2022,541323,28.4646,47.1976,49.01963843,31.68530313,45.04427345,25.06811563,"UNHCR, Government"
79,Poland_2022-07-19,Poland,7/19/2022,4787154,19.4013,52.1224,55.46950578,26.4013,48.02154912,12.4013,"UNHCR, Government"
81,Hungary_2022-07-19,Hungary,7/19/2022,995637,19.4131,47.1672,54.1672,26.58888125,43.76006098,12.4131,"UNHCR, Government"
83,Slovakia_2022-07-19,Slovakia,7/19/2022,610201,19.4864,48.7062,55.7062,26.4864,41.7062,12.4864,"UNHCR, Government"
85,Belarus_2022-07-19,Belarus,7/19/2022,16677,28.0463,53.5384,57.83893355,33.72794063,48.49689395,21.0463,"UNHCR, Government"
73,Romania_2022-07-21,Romania,7/21/2022,890168,25.3,45.8667,52.8667,32.3,38.8667,18.3,"UNHCR, Government"
71,Russian Federation_2022-07-24,Russian Federation,7/24/2022,1826235,38.15560781,51.48885014,55.99145645,40.35573304,51.72774216,34.81290446,"UNHCR, Government"
70,Poland_2022-07-25,Poland,7/25/2022,4923640,19.4013,52.1224,55.46950578,26.4013,48.02154912,12.4013,"UNHCR, Government"
72,Hungary_2022-07-25,Hungary,7/25/2022,1035773,19.4131,47.1672,54.1672,26.58888125,43.76006098,12.4131,"UNHCR, Government"
74,Slovakia_2022-07-25,Slovakia,7/25/2022,625553,19.4864,48.7062,55.7062,26.4864,41.7062,12.4864,"UNHCR, Government"
75,Republic of Moldova_2022-07-25,Republic of Moldova,7/25/2022,548030,28.4646,47.1976,49.01963843,31.68530313,45.04427345,25.06811563,"UNHCR, Government"
76,Belarus_2022-07-25,Belarus,7/25/2022,16680,28.0463,53.5384,57.83893355,33.72794063,48.49689395,21.0463,"UNHCR, Government"
64,Poland_2022-07-26,Poland,7/26/2022,4944264,19.4013,52.1224,55.46950578,26.4013,48.02154912,12.4013,"UNHCR, Government"
65,Russian Federation_2022-07-26,Russian Federation,7/26/2022,1857122,38.15560781,51.48885014,55.99145645,40.35573304,51.72774216,34.81290446,"UNHCR, Government"
66,Hungary_2022-07-26,Hungary,7/26/2022,1041762,19.4131,47.1672,54.1672,26.58888125,43.76006098,12.4131,"UNHCR, Government"
67,Slovakia_2022-07-26,Slovakia,7/26/2022,627555,19.4864,48.7062,55.7062,26.4864,41.7062,12.4864,"UNHCR, Government"
68,Republic of Moldova_2022-07-26,Republic of Moldova,7/26/2022,549333,28.4646,47.1976,49.01963843,31.68530313,45.04427345,25.06811563,"UNHCR, Government"
69,Belarus_2022-07-26,Belarus,7/26/2022,16680,28.0463,53.5384,57.83893355,33.72794063,48.49689395,21.0463,"UNHCR, Government"
60,Romania_2022-07-31,Romania,7/31/2022,953086,25.3,45.8667,52.8667,32.3,38.8667,18.3,"UNHCR, Government"
62,Republic of Moldova_2022-07-31,Republic of Moldova,7/31/2022,555318,28.4646,47.1976,49.01963843,31.68530313,45.04427345,25.06811563,"UNHCR, Government"
55,Republic of Moldova_2022-08-01,Republic of Moldova,8/1/2022,555903,28.4646,47.1976,49.01963843,31.68530313,45.04427345,25.06811563,"UNHCR, Government"
57,Poland_2022-08-01,Poland,8/1/2022,5084448,19.4013,52.1224,55.46950578,26.4013,48.02154912,12.4013,"UNHCR, Government"
58,Russian Federation_2022-08-01,Russian Federation,8/1/2022,1952037,38.15560781,51.48885014,55.99145645,40.35573304,51.72774216,34.81290446,"UNHCR, Government"
59,Hungary_2022-08-01,Hungary,8/1/2022,1082649,19.4131,47.1672,54.1672,26.58888125,43.76006098,12.4131,"UNHCR, Government"
61,Slovakia_2022-08-01,Slovakia,8/1/2022,645819,19.4864,48.7062,55.7062,26.4864,41.7062,12.4864,"UNHCR, Government"
63,Belarus_2022-08-01,Belarus,8/1/2022,16682,28.0463,53.5384,57.83893355,33.72794063,48.49689395,21.0463,"UNHCR, Government"
49,Russian Federation_2022-08-02,Russian Federation,8/2/2022,1968127,38.15560781,51.48885014,55.99145645,40.35573304,51.72774216,34.81290446,"UNHCR, Government"
50,Romania_2022-08-02,Romania,8/2/2022,964874,25.3,45.8667,52.8667,32.3,38.8667,18.3,"UNHCR, Government"
51,Republic of Moldova_2022-08-02,Republic of Moldova,8/2/2022,557166,28.4646,47.1976,49.01963843,31.68530313,45.04427345,25.06811563,"UNHCR, Government"
52,Poland_2022-08-02,Poland,8/2/2022,5105850,19.4013,52.1224,55.46950578,26.4013,48.02154912,12.4013,"UNHCR, Government"
53,Hungary_2022-08-02,Hungary,8/2/2022,1089277,19.4131,47.1672,54.1672,26.58888125,43.76006098,12.4131,"UNHCR, Government"
54,Slovakia_2022-08-02,Slovakia,8/2/2022,648512,19.4864,48.7062,55.7062,26.4864,41.7062,12.4864,"UNHCR, Government"
56,Belarus_2022-08-02,Belarus,8/2/2022,16683,28.0463,53.5384,57.83893355,33.72794063,48.49689395,21.0463,"UNHCR, Government"
47,Republic of Moldova_2022-08-03,Republic of Moldova,8/3/2022,558332,28.4646,47.1976,49.01963843,31.68530313,45.04427345,25.06811563,"UNHCR, Government"
39,Romania_2022-08-07,Romania,8/7/2022,998516,25.3,45.8667,52.8667,32.3,38.8667,18.3,"UNHCR, Government"
43,Poland_2022-08-08,Poland,8/8/2022,5247980,19.4013,52.1224,55.46950578,26.4013,48.02154912,12.4013,"UNHCR, Government"
44,Russian Federation_2022-08-08,Russian Federation,8/8/2022,2063463,38.15560781,51.48885014,55.99145645,40.35573304,51.72774216,34.81290446,"UNHCR, Government"
45,Hungary_2022-08-08,Hungary,8/8/2022,1131385,19.4131,47.1672,54.1672,26.58888125,43.76006098,12.4131,"UNHCR, Government"
46,Slovakia_2022-08-08,Slovakia,8/8/2022,665796,19.4864,48.7062,55.7062,26.4864,41.7062,12.4864,"UNHCR, Government"
48,Belarus_2022-08-08,Belarus,8/8/2022,16685,28.0463,53.5384,57.83893355,33.72794063,48.49689395,21.0463,"UNHCR, Government"
37,Poland_2022-08-09,Poland,8/9/2022,5269285,19.4013,52.1224,55.46950578,26.4013,48.02154912,12.4013,"UNHCR, Government"
38,Hungary_2022-08-09,Hungary,8/9/2022,1137559,19.4131,47.1672,54.1672,26.58888125,43.76006098,12.4131,"UNHCR, Government"
40,Slovakia_2022-08-09,Slovakia,8/9/2022,668195,19.4864,48.7062,55.7062,26.4864,41.7062,12.4864,"UNHCR, Government"
41,Republic of Moldova_2022-08-09,Republic of Moldova,8/9/2022,565543,28.4646,47.1976,49.01963843,31.68530313,45.04427345,25.06811563,"UNHCR, Government"
42,Belarus_2022-08-09,Belarus,8/9/2022,16685,28.0463,53.5384,57.83893355,33.72794063,48.49689395,21.0463,"UNHCR, Government"
36,Hungary_2022-08-11,Hungary,8/11/2022,1151781,19.4131,47.1672,54.1672,26.58888125,43.76006098,12.4131,"UNHCR, Government"
32,Romania_2022-08-14,Romania,8/14/2022,1044292,25.3,45.8667,52.8667,32.3,38.8667,18.3,"UNHCR, Government"
30,Poland_2022-08-15,Poland,8/15/2022,5415305,19.4013,52.1224,55.46950578,26.4013,48.02154912,12.4013,"UNHCR, Government"
31,Hungary_2022-08-15,Hungary,8/15/2022,1182013,19.4131,47.1672,54.1672,26.58888125,43.76006098,12.4131,"UNHCR, Government"
33,Slovakia_2022-08-15,Slovakia,8/15/2022,687368,19.4864,48.7062,55.7062,26.4864,41.7062,12.4864,"UNHCR, Government"
34,Republic of Moldova_2022-08-15,Republic of Moldova,8/15/2022,573228,28.4646,47.1976,49.01963843,31.68530313,45.04427345,25.06811563,"UNHCR, Government"
35,Belarus_2022-08-15,Belarus,8/15/2022,16689,28.0463,53.5384,57.83893355,33.72794063,48.49689395,21.0463,"UNHCR, Government"
26,Poland_2022-08-16,Poland,8/16/2022,5439431,19.4013,52.1224,55.46950578,26.4013,48.02154912,12.4013,"UNHCR, Government"
27,Russian Federation_2022-08-16,Russian Federation,8/16/2022,2197679,38.15560781,51.48885014,55.99145645,40.35573304,51.72774216,34.81290446,"UNHCR, Government"
28,Hungary_2022-08-16,Hungary,8/16/2022,1188983,19.4131,47.1672,54.1672,26.58888125,43.76006098,12.4131,"UNHCR, Government"
29,Slovakia_2022-08-16,Slovakia,8/16/2022,690337,19.4864,48.7062,55.7062,26.4864,41.7062,12.4864,"UNHCR, Government"
20,Poland_2022-08-23,Poland,8/23/2022,5625142,19.4013,52.1224,55.46950578,26.4013,48.02154912,12.4013,"UNHCR, Government"
21,Russian Federation_2022-08-23,Russian Federation,8/23/2022,2308790,38.15560781,51.48885014,55.99145645,40.35573304,51.72774216,34.81290446,"UNHCR, Government"
22,Hungary_2022-08-23,Hungary,8/23/2022,1242352,19.4131,47.1672,54.1672,26.58888125,43.76006098,12.4131,"UNHCR, Government"
23,Slovakia_2022-08-23,Slovakia,8/23/2022,713588,19.4864,48.7062,55.7062,26.4864,41.7062,12.4864,"UNHCR, Government"
24,Republic of Moldova_2022-08-23,Republic of Moldova,8/23/2022,585614,28.4646,47.1976,49.01963843,31.68530313,45.04427345,25.06811563,"UNHCR, Government"
25,Belarus_2022-08-23,Belarus,8/23/2022,16692,28.0463,53.5384,57.83893355,33.72794063,48.49689395,21.0463,"UNHCR, Government"
16,Romania_2022-08-28,Romania,8/28/2022,1127998,25.3,45.8667,52.8667,32.3,38.8667,18.3,"UNHCR, Government"
13,Poland_2022-08-30,Poland,8/30/2022,5796748,19.4013,52.1224,55.46950578,26.4013,48.02154912,12.4013,"UNHCR, Government"
14,Russian Federation_2022-08-30,Russian Federation,8/30/2022,2414075,38.15560781,51.48885014,55.99145645,40.35573304,51.72774216,34.81290446,"UNHCR, Government"
15,Hungary_2022-08-30,Hungary,8/30/2022,1292632,19.4131,47.1672,54.1672,26.58888125,43.76006098,12.4131,"UNHCR, Government"
17,Slovakia_2022-08-30,Slovakia,8/30/2022,736387,19.4864,48.7062,55.7062,26.4864,41.7062,12.4864,"UNHCR, Government"
18,Republic of Moldova_2022-08-30,Republic of Moldova,8/30/2022,591957,28.4646,47.1976,49.01963843,31.68530313,45.04427345,25.06811563,"UNHCR, Government"
19,Belarus_2022-08-30,Belarus,8/30/2022,16701,28.0463,53.5384,57.83893355,33.72794063,48.49689395,21.0463,"UNHCR, Government"
9,Romania_2022-09-04,Romania,9/4/2022,1169027,25.3,45.8667,52.8667,32.3,38.8667,18.3,"UNHCR, Government"
7,Russian Federation_2022-09-05,Russian Federation,9/5/2022,2490480,38.15560781,51.48885014,55.99145645,40.35573304,51.72774216,34.81290446,"UNHCR, Government"
6,Poland_2022-09-06,Poland,9/6/2022,5951510,19.4013,52.1224,55.46950578,26.4013,48.02154912,12.4013,"UNHCR, Government"
8,Hungary_2022-09-06,Hungary,9/6/2022,1338276,19.4131,47.1672,54.1672,26.58888125,43.76006098,12.4131,"UNHCR, Government"
10,Slovakia_2022-09-06,Slovakia,9/6/2022,757851,19.4864,48.7062,55.7062,26.4864,41.7062,12.4864,"UNHCR, Government"
11,Republic of Moldova_2022-09-06,Republic of Moldova,9/6/2022,600582,28.4646,47.1976,49.01963843,31.68530313,45.04427345,25.06811563,"UNHCR, Government"
12,Belarus_2022-09-06,Belarus,9/6/2022,16704,28.0463,53.5384,57.83893355,33.72794063,48.49689395,21.0463,"UNHCR, Government"
3,Republic of Moldova_2022-09-10,Republic of Moldova,9/10/2022,606707,28.4646,47.1976,49.01963843,31.68530313,45.04427345,25.06811563,"UNHCR, Government"
4,Belarus_2022-09-11,Belarus,9/11/2022,16705,28.0463,53.5384,57.83893355,33.72794063,48.49689395,21.0463,"UNHCR, Government"
1,Russian Federation_2022-09-12,Russian Federation,9/12/2022,2593209,38.15560781,51.48885014,55.99145645,40.35573304,51.72774216,34.81290446,"UNHCR, Government"
0,Poland_2022-09-13,Poland,9/13/2022,6114787,19.4013,52.1224,55.46950578,26.4013,48.02154912,12.4013,"UNHCR, Government"
2,Slovakia_2022-09-13,Slovakia,9/13/2022,778335,19.4864,48.7062,55.7062,26.4864,41.7062,12.4864,"UNHCR, Government"
5,Hungary_2022-09-13,Hungary,9/13/2022,1381738,19.4131,47.1672,54.1672,26.58888125,43.76006098,12.4131,"UNHCR, Government"
